Donation Form,Donation Amount,Donation Currencies,Donation Level,Donation Date,Donor First Name,Donor Last Name,Company Name,Donor Email,Test Mode,Donation Status,Payment Method,Notes,Address 1,Address 2,City, Zip Code,State,Country
Homeless Outreach Fund,5,USD,Level 1 Funder,"May 11, 2019 11:21 AM",Vernice,Branwhite,Intuit,vbranwhite0@desdev.cn,TRUE,Cancelled,Stripe,"Proin leo odio, porttitor id, consequat in, consequat ut, nulla. Sed accumsan felis. Ut at dolor quis odio consequat varius.",03 Monument Crossing,Cross TSV  School,Houston,99501,Texas,United States
Save the Rainforest,25,EUR,Plant a Tree,"May 12, 2019 11:21 AM",Erna,Oleksinski,Microsoft,eoleksinski1@gravatar.com,TRUE,Cancelled,Paypal,Duis consequat dui nec nisi volutpat eleifend. Donec ut dolor. Morbi vel lectus in quam fringilla rhoncus.,8731 Walton Pass,Behind JJ company,Knoxville,99502,Tennessee,United States
Support Cancer Research,103,USD,custom,"May 13, 2019 11:21 AM",Lindsay,Godball,Amazon,lgodball2@hao123.com,TRUE,Completed,Offline,In congue. Etiam justo. Etiam pretium iaculis justo.,60030 Evergreen Center,Near Kaiser hospital,San Jose,99503,California,United States
Save the Rainforest,50,EUR,Plant a Grove,"May 14, 2019 11:21 AM",Maxim,Varga,GiveWP,mvarga3@google.es,TRUE,Completed,Paypal,"Aenean fermentum. Donec ut mauris eget massa tempor convallis. Nulla neque libero, convallis eget, eleifend luctus, ultricies eu, nibh.",137 Killdeer Point,,Oklahoma City,99504,Oklahoma,United States
Help Feed America,50,EUR,Feed Multiple Families,"May 15, 2019 11:21 AM",Lilah,Graalman,GiveWP,lgraalman4@mapquest.com,FALSE,Completed,Offline,"Nam ultrices, libero non mattis pulvinar, nulla pede ullamcorper augue, a suscipit nulla elit ac nulla. Sed vel enim sit amet nunc viverra dapibus. Nulla suscipit ligula in lacus.",2 Crownhardt Plaza,,Irving,99505,Texas,United States
Support the Veterans Choir,25,USD,$25.00,"May 16, 2019 11:21 AM",Simone,Butson,,sbutson5@wikispaces.com,FALSE,Completed,Stripe,"Maecenas leo odio, condimentum id, luctus nec, molestie sed, justo. Pellentesque viverra pede ac diam. Cras pellentesque volutpat dui.",66 Lakewood Trail,,Peoria,99506,Illinois,United States
Support the Veterans Choir,50,USD,$50.00,"May 17, 2019 11:21 AM",Erminie,Normansell,,enormansell6@youtu.be,TRUE,Completed,Paypal,"Vestibulum ac est lacinia nisi venenatis tristique. Fusce congue, diam id ornare imperdiet, sapien urna pretium nisl, ut volutpat sapien arcu sed augue. Aliquam erat volutpat.",022 Hanson Parkway,,Homestead,99507,Florida,United States
Support the Veterans Choir,25,USD,$25.00,"May 18, 2019 11:21 AM",Karine,Selwin,,kselwin7@bandcamp.com,FALSE,Completed,Paypal,"Quisque id justo sit amet sapien dignissim vestibulum. Vestibulum ante ipsum primis in faucibus orci luctus et ultrices posuere cubilia Curae; Nulla dapibus dolor vel est. Donec odio justo, sollicitudin ut, suscipit a, feugiat et, eros.",3050 Fisk Crossing,,Kansas City,99508,Missouri,United States
Help Feed America,25,EUR,Feed a Family,"May 19, 2019 11:21 AM",Elva,Chicchelli,,echicchelli8@thetimes.co.uk,TRUE,Completed,Paypal,"Quisque porta volutpat erat. Quisque erat eros, viverra eget, congue eget, semper rutrum, nulla. Nunc purus.",53 Commercial Pass,,New York City,99509,New York,United States
Help Feed America,250,EUR,Feed Multiple Families for a Week,"May 20, 2019 11:21 AM",Eda,Gavaran,Microsoft,egavaran9@ehow.com,TRUE,Refunded,Offline,"Curabitur at ipsum ac tellus semper interdum. Mauris ullamcorper purus sit amet nulla. Quisque arcu libero, rutrum ac, lobortis vel, dapibus at, diam.",78460 Northwestern Terrace,,El Paso,99510,Texas,United States
Help Feed America,25,EUR,Feed a Family,"May 21, 2019 11:21 AM",Myrlene,Gyrgorwicx,,mgyrgorwicxa@angelfire.com,TRUE,Completed,Stripe,"Praesent blandit. Nam nulla. Integer pede justo, lacinia eget, tincidunt eget, tempus vel, pede.",4 Pierstorff Pass,,Pittsburgh,99511,Pennsylvania,United States
Save the Rainforest,250,EUR,Plant an Acre of Trees,"May 22, 2019 11:21 AM",Edvard,Kitchingman,,ekitchingmanb@pbs.org,TRUE,Completed,Paypal,"Quisque porta volutpat erat. Quisque erat eros, viverra eget, congue eget, semper rutrum, nulla. Nunc purus.",4 Gerald Circle,,Cincinnati,99512,Ohio,United States
Save the Rainforest,500,EUR,Plant and Conserve and Acre of Trees,"May 23, 2019 11:21 AM",Tedie,Sharpus,,tsharpusc@gov.uk,TRUE,Completed,Offline,"Sed sagittis. Nam congue, risus semper porta volutpat, quam pede lobortis ligula, sit amet eleifend pede libero quis orci. Nullam molestie nibh in lectus.",9328 Bay Crossing,,Idaho Falls,99513,Idaho,United States
Save the Rainforest,25,EUR,Plant a Tree,"May 24, 2019 11:21 AM",Alexi,Michie,Microsoft,amichied@eepurl.com,TRUE,Cancelled,Offline,"Morbi non lectus. Aliquam sit amet diam in magna bibendum imperdiet. Nullam orci pede, venenatis non, sodales sed, tincidunt eu, felis.",667 Bultman Crossing,,Reading,99514,Pennsylvania,United States
Help Feed America,50,EUR,Feed Multiple Families,"May 25, 2019 11:21 AM",Tarah,Millard,,tmillarde@usa.gov,FALSE,Completed,Offline,"Quisque id justo sit amet sapien dignissim vestibulum. Vestibulum ante ipsum primis in faucibus orci luctus et ultrices posuere cubilia Curae; Nulla dapibus dolor vel est. Donec odio justo, sollicitudin ut, suscipit a, feugiat et, eros.",0 Erie Crossing,,Sacramento,99515,California,United States
Support Cancer Research,176,USD,custom,"May 26, 2019 11:21 AM",Pincus,Ellett,,pellettf@go.com,TRUE,Completed,Stripe,,95 Erie Center,,Detroit,99516,Michigan,United States
Support the Veterans Choir,10,USD,$10.00,"May 27, 2019 11:21 AM",Francisco,Patron,,fpatrong@apache.org,FALSE,Completed,Stripe,"Vestibulum ac est lacinia nisi venenatis tristique. Fusce congue, diam id ornare imperdiet, sapien urna pretium nisl, ut volutpat sapien arcu sed augue. Aliquam erat volutpat.",55665 John Wall Plaza,,Shreveport,99517,Louisiana,United States
Help Feed America,25,EUR,Feed a Family,"May 28, 2019 11:21 AM",Breanne,Simoneau,,bsimoneauh@home.pl,TRUE,Completed,Offline,Aenean lectus. Pellentesque eget nunc. Donec quis orci eget orci vehicula condimentum.,3 Debs Drive,,Brea,99518,California,United States
Homeless Outreach Fund,5,USD,Level 1 Funder,"May 29, 2019 11:21 AM",Ami,Trembath,GiveWP,atrembathi@oracle.com,FALSE,Completed,Offline,,438 Vera Center,,Peoria,99519,Illinois,United States
Help Feed America,25,EUR,Feed a Family,"May 30, 2019 11:21 AM",Elicia,Clubb,,eclubbj@home.pl,FALSE,Completed,Offline,,56331 Bluestem Junction,,Clearwater,99520,Florida,United States
Save the Rainforest,500,EUR,Plant and Conserve and Acre of Trees,"May 31, 2019 11:21 AM",Karlan,Gabriely,,kgabrielyk@blogtalkradio.com,FALSE,Completed,Paypal,,01 Tomscot Point,,Madison,99521,Wisconsin,United States
Save the Rainforest,500,EUR,Plant and Conserve and Acre of Trees,"June 1, 2019 11:21 AM",Luciano,Epelett,,lepelettl@oakley.com,TRUE,Completed,Offline,,2 Prentice Drive,,Washington,99522,District of Columbia,United States
Homeless Outreach Fund,5,USD,Level 1 Funder,"June 2, 2019 11:21 AM",Rog,Sedwick,,rsedwickm@skype.com,TRUE,Completed,Stripe,Integer ac leo. Pellentesque ultrices mattis odio. Donec vitae nisi.,4298 Novick Parkway,,Staten Island,99523,New York,United States
Support the Veterans Choir,25,USD,$25.00,"June 3, 2019 11:21 AM",Denise,Bartolozzi,,dbartolozzin@wired.com,FALSE,Completed,Offline,"Lorem ipsum dolor sit amet, consectetuer adipiscing elit. Proin risus. Praesent lectus.",147 Dunning Terrace,,Albany,99524,New York,United States
Support Cancer Research,250,USD,$250.00,"June 4, 2019 11:21 AM",Vail,Penhallurick,,vpenhalluricko@wikispaces.com,TRUE,Completed,Stripe,Duis aliquam convallis nunc. Proin at turpis a pede posuere nonummy. Integer non velit.,932 Elgar Place,,Flint,99525,Michigan,United States
Save the Rainforest,500,EUR,Plant and Conserve and Acre of Trees,"June 5, 2019 11:21 AM",Niel,Jedrych,Microsoft,njedrychp@wsj.com,FALSE,Completed,Stripe,,27 Thompson Crossing,,Norfolk,99526,Virginia,United States
Save the Rainforest,50,EUR,Plant a Grove,"June 6, 2019 11:21 AM",Breanne,Coats,,bcoatsq@kickstarter.com,TRUE,Completed,Offline,Pellentesque at nulla. Suspendisse potenti. Cras in purus eu magna vulputate luctus.,313 Hovde Plaza,,Decatur,99527,Georgia,United States
Help Feed America,25,EUR,Feed a Family,"June 7, 2019 11:21 AM",Waldemar,Walework,,wwaleworkr@ftc.gov,TRUE,Completed,Paypal,Maecenas ut massa quis augue luctus tincidunt. Nulla mollis molestie lorem. Quisque ut erat.,2273 Hovde Point,,Louisville,99528,Kentucky,United States
Support the Veterans Choir,50,USD,$50.00,"June 8, 2019 11:21 AM",Flin,Heinzler,,fheinzlers@histats.com,FALSE,Completed,Paypal,Phasellus sit amet erat. Nulla tempus. Vivamus in felis eu sapien cursus vestibulum.,9 Becker Place,,Naperville,99529,Illinois,United States
Support the Veterans Choir,10,USD,$10.00,"June 9, 2019 11:21 AM",Cecil,Girardeau,,cgirardeaut@booking.com,TRUE,Completed,Stripe,,162 Pankratz Center,,Lees Summit,99530,Missouri,United States
Save the Rainforest,50,EUR,Plant a Grove,"June 10, 2019 11:21 AM",Ernesta,McArdell,,emcardellu@about.me,FALSE,Completed,Stripe,"Vestibulum quam sapien, varius ut, blandit non, interdum in, ante. Vestibulum ante ipsum primis in faucibus orci luctus et ultrices posuere cubilia Curae; Duis faucibus accumsan odio. Curabitur convallis.",91719 Kedzie Plaza,,Denver,99531,Colorado,United States
Help Feed America,500,EUR,custom,"June 11, 2019 11:21 AM",Jacklyn,Gonnin,,jgonninv@purevolume.com,TRUE,Refunded,Stripe,"Vestibulum ac est lacinia nisi venenatis tristique. Fusce congue, diam id ornare imperdiet, sapien urna pretium nisl, ut volutpat sapien arcu sed augue. Aliquam erat volutpat.",5 Transport Street,,New York City,99532,New York,United States
Support the Veterans Choir,10,USD,$10.00,"June 12, 2019 11:21 AM",Teddy,Zmitruk,,tzmitrukw@altervista.org,FALSE,Completed,Offline,"Proin leo odio, porttitor id, consequat in, consequat ut, nulla. Sed accumsan felis. Ut at dolor quis odio consequat varius.",53720 Fordem Circle,,Montgomery,99533,Alabama,United States
Save the Rainforest,500,EUR,Plant and Conserve and Acre of Trees,"June 13, 2019 11:21 AM",Brent,Nuttall,,bnuttallx@adobe.com,TRUE,Completed,Paypal,"In sagittis dui vel nisl. Duis ac nibh. Fusce lacus purus, aliquet at, feugiat non, pretium quis, lectus.",59 Ruskin Lane,,Washington,99534,District of Columbia,United States
Support Cancer Research,50,USD,$50.00,"June 14, 2019 11:21 AM",Caspar,Whitlock,,cwhitlocky@epa.gov,TRUE,Completed,Offline,"Cras mi pede, malesuada in, imperdiet et, commodo vulputate, justo. In blandit ultrices enim. Lorem ipsum dolor sit amet, consectetuer adipiscing elit.",2227 Red Cloud Plaza,,Springfield,99535,Massachusetts,United States
Homeless Outreach Fund,5,USD,Level 1 Funder,"June 15, 2019 11:21 AM",Gustav,Blyth,,gblythz@addtoany.com,TRUE,Completed,Paypal,Duis consequat dui nec nisi volutpat eleifend. Donec ut dolor. Morbi vel lectus in quam fringilla rhoncus.,29422 Dwight Park,,El Paso,99536,Texas,United States
Support Cancer Research,250,USD,$250.00,"June 16, 2019 11:21 AM",Kylynn,Defrain,GiveWP,kdefrain10@comcast.net,FALSE,Completed,Paypal,,07 Granby Court,,Indianapolis,99537,Indiana,United States
Help Feed America,25,EUR,Feed a Family,"June 17, 2019 11:21 AM",Heath,Tuther,,htuther11@globo.com,FALSE,Completed,Offline,,68517 Fuller Park,,Huntsville,99538,Alabama,United States
Support Cancer Research,155,USD,custom,"June 18, 2019 11:21 AM",Pauly,Paradine,,pparadine12@loc.gov,TRUE,Completed,Offline,,91459 Bay Lane,,Stockton,99539,California,United States
Support Cancer Research,250,USD,$250.00,"June 19, 2019 11:21 AM",Rolando,Benfell,,rbenfell13@360.cn,FALSE,Completed,Paypal,,89523 Quincy Hill,,Northridge,99540,California,United States
Support the Veterans Choir,10,USD,$10.00,"June 20, 2019 11:21 AM",Veronike,Smullen,,vsmullen14@ehow.com,FALSE,Completed,Stripe,,86330 Northport Trail,,Detroit,99541,Michigan,United States
Homeless Outreach Fund,5,USD,Level 1 Funder,"June 21, 2019 11:21 AM",Adrianne,Phelipeau,Amazon,aphelipeau15@ovh.net,FALSE,Completed,Paypal,Aenean lectus. Pellentesque eget nunc. Donec quis orci eget orci vehicula condimentum.,04963 Mayer Way,,Washington,99542,District of Columbia,United States
Help Feed America,25,EUR,Feed a Family,"June 22, 2019 11:21 AM",Tania,Henker,,thenker16@bravesites.com,FALSE,Completed,Stripe,"In hac habitasse platea dictumst. Morbi vestibulum, velit id pretium iaculis, diam erat fermentum justo, nec condimentum neque sapien placerat ante. Nulla justo.",091 Homewood Crossing,,Salt Lake City,99543,Utah,United States
Homeless Outreach Fund,25,USD,Level 3 Funder,"June 23, 2019 11:21 AM",Carley,Macoun,,cmacoun17@hubpages.com,TRUE,Completed,Paypal,"Morbi porttitor lorem id ligula. Suspendisse ornare consequat lectus. In est risus, auctor sed, tristique in, tempus sit amet, sem.",1 Cascade Pass,,Vancouver,99544,Washington,United States
Support the Veterans Choir,25,USD,$25.00,"June 24, 2019 11:21 AM",Armando,Edland,,aedland18@cisco.com,FALSE,Completed,Offline,"Proin eu mi. Nulla ac enim. In tempor, turpis nec euismod scelerisque, quam turpis adipiscing lorem, vitae mattis nibh ligula nec sem.",6754 Mariners Cove Point,,Tacoma,99545,Washington,United States
Help Feed America,50,EUR,Feed Multiple Families,"June 25, 2019 11:21 AM",Abey,Bruce,,abruce19@globo.com,TRUE,Completed,Offline,"Duis bibendum, felis sed interdum venenatis, turpis enim blandit mi, in porttitor pede justo eu massa. Donec dapibus. Duis at velit eu est congue elementum.",58492 Dovetail Place,,Lubbock,99546,Texas,United States
Help Feed America,25,EUR,Feed a Family,"June 26, 2019 11:21 AM",Brianne,Kopp,Microsoft,bkopp1a@163.com,FALSE,Completed,Offline,Sed ante. Vivamus tortor. Duis mattis egestas metus.,6496 Independence Avenue,,Des Moines,99547,Iowa,United States
Save the Rainforest,100,EUR,Conserve an Acre,"June 27, 2019 11:21 AM",Gauthier,Truelock,,gtruelock1b@shop-pro.jp,TRUE,Completed,Stripe,"Proin leo odio, porttitor id, consequat in, consequat ut, nulla. Sed accumsan felis. Ut at dolor quis odio consequat varius.",27 Mifflin Court,,Valdosta,99548,Georgia,United States
Support Cancer Research,50,USD,$50.00,"June 28, 2019 11:21 AM",Chas,Tunn,,ctunn1c@si.edu,TRUE,Completed,Paypal,"Cum sociis natoque penatibus et magnis dis parturient montes, nascetur ridiculus mus. Vivamus vestibulum sagittis sapien. Cum sociis natoque penatibus et magnis dis parturient montes, nascetur ridiculus mus.",28 Sage Trail,,Raleigh,99549,North Carolina,United States
Help Feed America,25,EUR,Feed a Family,"June 29, 2019 11:21 AM",Elita,Yter,,eyter1d@thetimes.co.uk,FALSE,Completed,Paypal,"Curabitur at ipsum ac tellus semper interdum. Mauris ullamcorper purus sit amet nulla. Quisque arcu libero, rutrum ac, lobortis vel, dapibus at, diam.",7611 Russell Alley,,Vancouver,99550,Washington,United States
Help Feed America,25,EUR,Feed a Family,"June 30, 2019 11:21 AM",Sandye,Gillivrie,,sgillivrie1e@phpbb.com,TRUE,Completed,Offline,"Vestibulum quam sapien, varius ut, blandit non, interdum in, ante. Vestibulum ante ipsum primis in faucibus orci luctus et ultrices posuere cubilia Curae; Duis faucibus accumsan odio. Curabitur convallis.",97733 Tennessee Crossing,,San Antonio,99551,Texas,United States
Support Cancer Research,250,USD,$250.00,"July 1, 2019 11:21 AM",Tiphanie,Mursell,,tmursell1f@facebook.com,FALSE,Completed,Offline,Aliquam quis turpis eget elit sodales scelerisque. Mauris sit amet eros. Suspendisse accumsan tortor quis turpis.,27 Sullivan Center,,Greensboro,99552,North Carolina,United States
Help Feed America,1000,EUR,custom,"July 2, 2019 11:21 AM",Petra,Sylvaine,,psylvaine1g@nydailynews.com,TRUE,Refunded,Offline,"Vestibulum quam sapien, varius ut, blandit non, interdum in, ante. Vestibulum ante ipsum primis in faucibus orci luctus et ultrices posuere cubilia Curae; Duis faucibus accumsan odio. Curabitur convallis.",26689 Commercial Circle,,Sacramento,99553,California,United States
Homeless Outreach Fund,5,USD,Level 1 Funder,"July 3, 2019 11:21 AM",Cecilla,Tregian,GiveWP,ctregian1h@google.ru,FALSE,Completed,Offline,,684 Mariners Cove Road,,Houston,99554,Texas,United States
Save the Rainforest,25,EUR,Plant a Tree,"July 4, 2019 11:21 AM",Erv,Dockrell,,edockrell1i@networkadvertising.org,FALSE,Completed,Offline,,38 Daystar Terrace,,El Paso,99555,Texas,United States
Help Feed America,25,EUR,Feed a Family,"July 5, 2019 11:21 AM",Shay,Goade,,sgoade1j@delicious.com,TRUE,Completed,Paypal,,849 Holy Cross Center,,Houston,99556,Texas,United States
Support Cancer Research,200,USD,custom,"July 6, 2019 11:21 AM",Tatum,Morstatt,,tmorstatt1k@printfriendly.com,FALSE,Completed,Stripe,,4763 Ludington Avenue,,Long Beach,99557,California,United States
Help Feed America,25,EUR,Feed a Family,"July 7, 2019 11:21 AM",Alanson,Curl,,acurl1l@vinaora.com,TRUE,Completed,Stripe,,491 Nobel Avenue,,Waco,99558,Texas,United States
Help Feed America,225,EUR,custom,"July 8, 2019 11:21 AM",Arnaldo,Raspin,Intuit,araspin1m@xinhuanet.com,FALSE,Refunded,Offline,,36 Montana Circle,,Baltimore,99559,Maryland,United States
Support the Veterans Choir,50,USD,$50.00,"July 9, 2019 11:21 AM",Gennifer,Foskett,,gfoskett1n@unc.edu,TRUE,Completed,Offline,"Aenean fermentum. Donec ut mauris eget massa tempor convallis. Nulla neque libero, convallis eget, eleifend luctus, ultricies eu, nibh.",891 Old Gate Circle,,El Paso,99560,Texas,United States
Support the Veterans Choir,50,USD,$50.00,"July 10, 2019 11:21 AM",Winifred,Doreward,,wdoreward1o@geocities.com,FALSE,Completed,Stripe,"Quisque id justo sit amet sapien dignissim vestibulum. Vestibulum ante ipsum primis in faucibus orci luctus et ultrices posuere cubilia Curae; Nulla dapibus dolor vel est. Donec odio justo, sollicitudin ut, suscipit a, feugiat et, eros.",16 Caliangt Hill,,Charlotte,99561,North Carolina,United States
Save the Rainforest,250,EUR,Plant an Acre of Trees,"July 11, 2019 11:21 AM",Thom,Motto,,tmotto1p@cdc.gov,FALSE,Completed,Offline,"Vestibulum ac est lacinia nisi venenatis tristique. Fusce congue, diam id ornare imperdiet, sapien urna pretium nisl, ut volutpat sapien arcu sed augue. Aliquam erat volutpat.",37 Hermina Crossing,,Norwalk,99562,Connecticut,United States
Homeless Outreach Fund,25,USD,Level 3 Funder,"July 12, 2019 11:21 AM",Verina,Farnall,,vfarnall1q@umich.edu,FALSE,Completed,Paypal,Nullam sit amet turpis elementum ligula vehicula consequat. Morbi a ipsum. Integer a nibh.,298 Mifflin Trail,,San Diego,99563,California,United States
Homeless Outreach Fund,10,USD,Level 2 Funder,"July 13, 2019 11:21 AM",Emanuele,O'Lenane,,eolenane1r@weebly.com,FALSE,Completed,Offline,In congue. Etiam justo. Etiam pretium iaculis justo.,6937 Derek Pass,,Akron,99564,Ohio,United States
Homeless Outreach Fund,25,USD,Level 3 Funder,"July 14, 2019 11:21 AM",Moses,Pitkeathley,,mpitkeathley1s@intel.com,TRUE,Completed,Paypal,"Vestibulum ac est lacinia nisi venenatis tristique. Fusce congue, diam id ornare imperdiet, sapien urna pretium nisl, ut volutpat sapien arcu sed augue. Aliquam erat volutpat.",8 Gale Avenue,,New Orleans,99565,Louisiana,United States
Support Cancer Research,25,USD,$25.00,"July 15, 2019 11:21 AM",Broderick,Dombrell,,bdombrell1t@elpais.com,TRUE,Completed,Stripe,"Lorem ipsum dolor sit amet, consectetuer adipiscing elit. Proin risus. Praesent lectus.",58195 Dapin Crossing,,Baton Rouge,99566,Louisiana,United States
Support the Veterans Choir,50,USD,$50.00,"July 16, 2019 11:21 AM",Timotheus,Bignold,Microsoft,tbignold1u@topsy.com,TRUE,Refunded,Offline,"Maecenas leo odio, condimentum id, luctus nec, molestie sed, justo. Pellentesque viverra pede ac diam. Cras pellentesque volutpat dui.",96620 Calypso Crossing,,Tacoma,99567,Washington,United States
Support the Veterans Choir,100,USD,$100.00,"July 17, 2019 11:21 AM",Arabella,Aizic,,aaizic1v@quantcast.com,FALSE,Refunded,Paypal,,4 Straubel Pass,,Terre Haute,99568,Indiana,United States
Support the Veterans Choir,10,USD,$10.00,"July 18, 2019 11:21 AM",Ettie,Yegorshin,,eyegorshin1w@buzzfeed.com,FALSE,Completed,Offline,,20469 Mariners Cove Pass,,Tyler,99569,Texas,United States
Save the Rainforest,250,EUR,Plant an Acre of Trees,"July 19, 2019 11:21 AM",Davida,Over,,dover1x@mail.ru,TRUE,Completed,Paypal,,96 Ramsey Point,,Waterbury,99570,Connecticut,United States
Save the Rainforest,100,EUR,Conserve an Acre,"July 20, 2019 11:21 AM",Dominica,Albisser,,dalbisser1y@psu.edu,FALSE,Completed,Paypal,"Proin interdum mauris non ligula pellentesque ultrices. Phasellus id sapien in sapien iaculis congue. Vivamus metus arcu, adipiscing molestie, hendrerit at, vulputate vitae, nisl.",62603 Bultman Street,,Atlanta,99571,Georgia,United States
Homeless Outreach Fund,25,USD,Level 3 Funder,"July 21, 2019 11:21 AM",Phineas,Pree,,ppree1z@naver.com,FALSE,Completed,Paypal,"Maecenas tristique, est et tempus semper, est quam pharetra magna, ac consequat metus sapien ut nunc. Vestibulum ante ipsum primis in faucibus orci luctus et ultrices posuere cubilia Curae; Mauris viverra diam vitae quam. Suspendisse potenti.",4 Arapahoe Trail,,Crawfordsville,99572,Indiana,United States
Save the Rainforest,500,EUR,Plant and Conserve and Acre of Trees,"July 22, 2019 11:21 AM",Silvana,Trevorrow,Amazon,strevorrow20@netlog.com,FALSE,Completed,Paypal,Etiam vel augue. Vestibulum rutrum rutrum neque. Aenean auctor gravida sem.,697 Lunder Drive,,Washington,99573,District of Columbia,United States
Help Feed America,150,EUR,custom,"July 23, 2019 11:21 AM",Bianca,Wheaton,,bwheaton21@4shared.com,FALSE,Completed,Offline,,60683 Lawn Parkway,,Sioux City,99574,Iowa,United States
Support Cancer Research,50,USD,$50.00,"July 24, 2019 11:21 AM",Claudianus,Adolfson,,cadolfson22@sina.com.cn,TRUE,Completed,Offline,Phasellus in felis. Donec semper sapien a libero. Nam dui.,36 Little Fleur Pass,,Vienna,99575,Virginia,United States
Help Feed America,25,EUR,Feed a Family,"July 25, 2019 11:21 AM",Swen,Wiggett,,swiggett23@rambler.ru,FALSE,Completed,Paypal,"Morbi porttitor lorem id ligula. Suspendisse ornare consequat lectus. In est risus, auctor sed, tristique in, tempus sit amet, sem.",3734 Memorial Avenue,,Carol Stream,99576,Illinois,United States
Support the Veterans Choir,50,USD,$50.00,"July 26, 2019 11:21 AM",Meggi,Pyett,,mpyett24@google.ru,FALSE,Completed,Stripe,Nullam sit amet turpis elementum ligula vehicula consequat. Morbi a ipsum. Integer a nibh.,81 Clyde Gallagher Road,,Tucson,99577,Arizona,United States
Support Cancer Research,250,USD,$250.00,"July 27, 2019 11:21 AM",Phedra,Sowley,,psowley25@vk.com,FALSE,Completed,Offline,"Proin interdum mauris non ligula pellentesque ultrices. Phasellus id sapien in sapien iaculis congue. Vivamus metus arcu, adipiscing molestie, hendrerit at, vulputate vitae, nisl.",65 Thackeray Lane,,Valley Forge,99578,Pennsylvania,United States
Support the Veterans Choir,10,USD,$10.00,"July 28, 2019 11:21 AM",Colby,Thormann,,cthormann26@spotify.com,TRUE,Completed,Paypal,Integer tincidunt ante vel ipsum. Praesent blandit lacinia erat. Vestibulum sed magna at nunc commodo placerat.,293 Briar Crest Avenue,,Paterson,99579,New Jersey,United States
Homeless Outreach Fund,25,USD,Level 3 Funder,"July 29, 2019 11:21 AM",Aindrea,Bills,,abills27@house.gov,FALSE,Completed,Stripe,Cras non velit nec nisi vulputate nonummy. Maecenas tincidunt lacus at velit. Vivamus vel nulla eget eros elementum pellentesque.,0 Sachtjen Alley,,Amarillo,99580,Texas,United States
Help Feed America,150,EUR,custom,"July 30, 2019 11:21 AM",Caril,Rassmann,,crassmann28@artisteer.com,FALSE,Completed,Offline,,9 Meadow Ridge Park,,Salt Lake City,99581,Utah,United States
Support the Veterans Choir,10,USD,$10.00,"July 31, 2019 11:21 AM",Charissa,Ogborne,,cogborne29@comcast.net,FALSE,Completed,Stripe,"Maecenas leo odio, condimentum id, luctus nec, molestie sed, justo. Pellentesque viverra pede ac diam. Cras pellentesque volutpat dui.",1 Northfield Street,,Denver,99582,Colorado,United States
Support the Veterans Choir,10,USD,$10.00,"August 1, 2019 11:21 AM",Edmon,Huie,GiveWP,ehuie2a@sun.com,FALSE,Completed,Stripe,,44 Rusk Trail,,Birmingham,99583,Alabama,United States
Save the Rainforest,250,EUR,Plant an Acre of Trees,"August 2, 2019 11:21 AM",Jinny,Iston,,jiston2b@yahoo.com,FALSE,Completed,Offline,,75719 American Ash Crossing,,Detroit,99584,Michigan,United States
Save the Rainforest,250,EUR,Plant an Acre of Trees,"August 3, 2019 11:21 AM",Cherilynn,Doxey,,cdoxey2c@google.nl,TRUE,Completed,Offline,Nullam porttitor lacus at turpis. Donec posuere metus vitae ipsum. Aliquam non mauris.,167 Oxford Way,,Jacksonville,99585,Florida,United States
Support Cancer Research,50,USD,$50.00,"August 4, 2019 11:21 AM",Arthur,Hawker,,ahawker2d@independent.co.uk,FALSE,Completed,Stripe,"Quisque porta volutpat erat. Quisque erat eros, viverra eget, congue eget, semper rutrum, nulla. Nunc purus.",900 Ilene Pass,,Albuquerque,99586,New Mexico,United States
Homeless Outreach Fund,10,USD,Level 2 Funder,"August 5, 2019 11:21 AM",Burt,Hendrix,,bhendrix2e@so-net.ne.jp,FALSE,Completed,Paypal,"Aenean fermentum. Donec ut mauris eget massa tempor convallis. Nulla neque libero, convallis eget, eleifend luctus, ultricies eu, nibh.",1 Drewry Avenue,,Washington,99587,District of Columbia,United States
Support Cancer Research,25,USD,$25.00,"August 6, 2019 11:21 AM",Aleta,Gullivent,Microsoft,agullivent2f@acquirethisname.com,TRUE,Completed,Stripe,Nulla ut erat id mauris vulputate elementum. Nullam varius. Nulla facilisi.,8184 Sycamore Lane,,Irvine,99588,California,United States
Homeless Outreach Fund,10,USD,Level 2 Funder,"August 7, 2019 11:21 AM",Terrijo,Pillington,,tpillington2g@cloudflare.com,FALSE,Completed,Stripe,Aenean lectus. Pellentesque eget nunc. Donec quis orci eget orci vehicula condimentum.,433 Katie Parkway,,Boise,99589,Idaho,United States
Support the Veterans Choir,100,USD,$100.00,"August 8, 2019 11:21 AM",Donny,Birney,,dbirney2h@sun.com,TRUE,Refunded,Paypal,"Vestibulum ac est lacinia nisi venenatis tristique. Fusce congue, diam id ornare imperdiet, sapien urna pretium nisl, ut volutpat sapien arcu sed augue. Aliquam erat volutpat.",4 Marquette Trail,,Springfield,99590,Missouri,United States
Homeless Outreach Fund,50,USD,Level 4 Funder,"August 9, 2019 11:21 AM",Reinwald,Rubberts,,rrubberts2i@tumblr.com,FALSE,Completed,Stripe,"Maecenas leo odio, condimentum id, luctus nec, molestie sed, justo. Pellentesque viverra pede ac diam. Cras pellentesque volutpat dui.",513 Esch Park,,Dayton,99591,Ohio,United States
Support the Veterans Choir,100,USD,$100.00,"August 10, 2019 11:21 AM",Rudolfo,Georgeon,,rgeorgeon2j@dyndns.org,FALSE,Completed,Stripe,In congue. Etiam justo. Etiam pretium iaculis justo.,725 Karstens Circle,,Chesapeake,99592,Virginia,United States
Support Cancer Research,250,USD,$250.00,"August 11, 2019 11:21 AM",Adela,Vicent,,avicent2k@printfriendly.com,FALSE,Completed,Offline,In hac habitasse platea dictumst. Etiam faucibus cursus urna. Ut tellus.,257 Grover Avenue,,Rochester,99593,New York,United States
Support the Veterans Choir,25,USD,$25.00,"August 12, 2019 11:21 AM",Minni,Jarratt,,mjarratt2l@comcast.net,FALSE,Completed,Paypal,"Proin leo odio, porttitor id, consequat in, consequat ut, nulla. Sed accumsan felis. Ut at dolor quis odio consequat varius.",7913 Utah Terrace,,Marietta,99594,Georgia,United States
Homeless Outreach Fund,10,USD,Level 2 Funder,"August 13, 2019 11:21 AM",Juliet,Chupin,,jchupin2m@alibaba.com,TRUE,Completed,Stripe,,813 Lyons Junction,,Kansas City,99595,Missouri,United States
Support Cancer Research,191,USD,custom,"August 14, 2019 11:21 AM",Sandy,Picford,,spicford2n@va.gov,FALSE,Completed,Stripe,Integer ac leo. Pellentesque ultrices mattis odio. Donec vitae nisi.,962 Springview Street,,Stamford,99596,Connecticut,United States
Support the Veterans Choir,50,USD,$50.00,"August 15, 2019 11:21 AM",Kiri,Demangeot,,kdemangeot2o@github.io,FALSE,Completed,Stripe,,2 Brickson Park Trail,,Raleigh,99597,North Carolina,United States
Homeless Outreach Fund,10,USD,Level 2 Funder,"August 16, 2019 11:21 AM",Hewitt,Dorrins,Amazon,hdorrins2p@geocities.jp,FALSE,Completed,Offline,"Praesent blandit. Nam nulla. Integer pede justo, lacinia eget, tincidunt eget, tempus vel, pede.",3 Heath Circle,,West Hartford,99598,Connecticut,United States
Support Cancer Research,50,USD,$50.00,"August 17, 2019 11:21 AM",Ulrica,Rulf,,urulf2q@amazon.co.jp,FALSE,Completed,Offline,In congue. Etiam justo. Etiam pretium iaculis justo.,3 Atwood Terrace,,San Francisco,99599,California,United States
Homeless Outreach Fund,10,USD,Level 2 Funder,"August 18, 2019 11:21 AM",Dosi,Awmack,,dawmack2r@163.com,TRUE,Completed,Offline,Phasellus sit amet erat. Nulla tempus. Vivamus in felis eu sapien cursus vestibulum.,73940 Nevada Trail,,Shawnee Mission,99600,Kansas,United States
Help Feed America,50,EUR,Feed Multiple Families,"August 19, 2019 11:21 AM",Marlyn,Boyford,,mboyford2s@hibu.com,FALSE,Completed,Stripe,"Maecenas leo odio, condimentum id, luctus nec, molestie sed, justo. Pellentesque viverra pede ac diam. Cras pellentesque volutpat dui.",63 Clove Plaza,,Tucson,99601,Arizona,United States
Homeless Outreach Fund,50,USD,Level 4 Funder,"August 20, 2019 11:21 AM",Micaela,Abdie,,mabdie2t@over-blog.com,FALSE,Completed,Offline,"Fusce posuere felis sed lacus. Morbi sem mauris, laoreet ut, rhoncus aliquet, pulvinar sed, nisl. Nunc rhoncus dui vel sem.",6 Fieldstone Terrace,,Birmingham,99602,Alabama,United States
Help Feed America,25,EUR,Feed a Family,"August 21, 2019 11:21 AM",Kaycee,Poulsom,,kpoulsom2u@theguardian.com,TRUE,Completed,Offline,Duis bibendum. Morbi non quam nec dui luctus rutrum. Nulla tellus.,7161 Eliot Court,,Allentown,99603,Pennsylvania,United States
Help Feed America,175,EUR,custom,"August 22, 2019 11:21 AM",Hagan,Weild,GiveWP,hweild2v@nature.com,TRUE,Completed,Stripe,"Nam ultrices, libero non mattis pulvinar, nulla pede ullamcorper augue, a suscipit nulla elit ac nulla. Sed vel enim sit amet nunc viverra dapibus. Nulla suscipit ligula in lacus.",892 Division Point,,Mobile,99604,Alabama,United States
Save the Rainforest,250,EUR,Plant an Acre of Trees,"August 23, 2019 11:21 AM",Agace,Adamczewski,,aadamczewski2w@smugmug.com,FALSE,Completed,Paypal,,836 Oneill Place,,Baton Rouge,99605,Louisiana,United States
Save the Rainforest,100,EUR,Conserve an Acre,"August 24, 2019 11:21 AM",Patin,Kornyshev,,pkornyshev2x@mail.ru,TRUE,Completed,Offline,"Nam ultrices, libero non mattis pulvinar, nulla pede ullamcorper augue, a suscipit nulla elit ac nulla. Sed vel enim sit amet nunc viverra dapibus. Nulla suscipit ligula in lacus.",9 Kedzie Center,,Boston,99606,Massachusetts,United States
Save the Rainforest,25,EUR,Plant a Tree,"August 25, 2019 11:21 AM",Lev,Querree,,lquerree2y@slideshare.net,FALSE,Completed,Offline,"Vestibulum ac est lacinia nisi venenatis tristique. Fusce congue, diam id ornare imperdiet, sapien urna pretium nisl, ut volutpat sapien arcu sed augue. Aliquam erat volutpat.",02867 American Ash Place,,Van Nuys,99607,California,United States
Support the Veterans Choir,25,USD,$25.00,"August 26, 2019 11:21 AM",Drud,Spadoni,,dspadoni2z@livejournal.com,FALSE,Completed,Stripe,Pellentesque at nulla. Suspendisse potenti. Cras in purus eu magna vulputate luctus.,640 Utah Place,,Springfield,99608,Illinois,United States
Save the Rainforest,500,EUR,Plant and Conserve and Acre of Trees,"August 27, 2019 11:21 AM",Raynor,Coop,Microsoft,rcoop30@last.fm,FALSE,Completed,Paypal,"Curabitur in libero ut massa volutpat convallis. Morbi odio odio, elementum eu, interdum eu, tincidunt in, leo. Maecenas pulvinar lobortis est.",74 Jana Point,,Warren,99609,Ohio,United States
Homeless Outreach Fund,10,USD,Level 2 Funder,"August 28, 2019 11:21 AM",Nancee,Brittian,,nbrittian31@biblegateway.com,FALSE,Completed,Stripe,"Curabitur at ipsum ac tellus semper interdum. Mauris ullamcorper purus sit amet nulla. Quisque arcu libero, rutrum ac, lobortis vel, dapibus at, diam.",60389 Bowman Park,,Clearwater,99610,Florida,United States
Save the Rainforest,500,EUR,Plant and Conserve and Acre of Trees,"August 29, 2019 11:21 AM",Kakalina,Sugars,,ksugars32@wsj.com,TRUE,Completed,Paypal,Nullam porttitor lacus at turpis. Donec posuere metus vitae ipsum. Aliquam non mauris.,564 Kensington Plaza,,Alexandria,99611,Virginia,United States
Help Feed America,50,EUR,Feed Multiple Families,"August 30, 2019 11:21 AM",Tye,Dzeniskevich,,tdzeniskevich33@example.com,TRUE,Completed,Paypal,Fusce consequat. Nulla nisl. Nunc nisl.,9 Montana Lane,,San Jose,99612,California,United States
Support Cancer Research,50,USD,$50.00,"August 31, 2019 11:21 AM",Abby,Castiello,,acastiello34@nsw.gov.au,TRUE,Completed,Offline,"Mauris enim leo, rhoncus sed, vestibulum sit amet, cursus id, turpis. Integer aliquet, massa id lobortis convallis, tortor risus dapibus augue, vel accumsan tellus nisi eu orci. Mauris lacinia sapien quis libero.",5017 Westport Terrace,,Newark,99613,New Jersey,United States
Save the Rainforest,25,EUR,Plant a Tree,"September 1, 2019 11:21 AM",Reidar,Jachimak,,rjachimak35@shutterfly.com,TRUE,Completed,Paypal,Phasellus in felis. Donec semper sapien a libero. Nam dui.,592 Corben Trail,,Mobile,99614,Alabama,United States
Homeless Outreach Fund,50,USD,Level 4 Funder,"September 2, 2019 11:21 AM",Alfons,Bendix,Intuit,abendix36@sitemeter.com,TRUE,Completed,Offline,,2494 Huxley Street,,Toledo,99615,Ohio,United States
Homeless Outreach Fund,10,USD,Level 2 Funder,"September 3, 2019 11:21 AM",Ofelia,Henniger,,ohenniger37@nbcnews.com,FALSE,Completed,Offline,,31484 Grayhawk Parkway,,Birmingham,99616,Alabama,United States
Help Feed America,5,EUR,custom,"September 4, 2019 11:21 AM",Terrijo,Cadd,,tcadd38@engadget.com,TRUE,Completed,Stripe,,566 Columbus Trail,,Hicksville,99617,New York,United States
Homeless Outreach Fund,5,USD,Level 1 Funder,"September 5, 2019 11:21 AM",Elena,Rowatt,Amazon,erowatt39@newsvine.com,TRUE,Completed,Stripe,,61 Rigney Circle,,Gainesville,99618,Georgia,United States
Support Cancer Research,25,USD,$25.00,"September 6, 2019 11:21 AM",Town,Ullrich,,tullrich3a@fc2.com,FALSE,Completed,Paypal,"Maecenas tristique, est et tempus semper, est quam pharetra magna, ac consequat metus sapien ut nunc. Vestibulum ante ipsum primis in faucibus orci luctus et ultrices posuere cubilia Curae; Mauris viverra diam vitae quam. Suspendisse potenti.",16861 Westridge Pass,,Sacramento,99619,California,United States
Help Feed America,25,EUR,Feed a Family,"September 7, 2019 11:21 AM",Kathie,Le Grys,,klegrys3b@xing.com,FALSE,Completed,Stripe,"Proin leo odio, porttitor id, consequat in, consequat ut, nulla. Sed accumsan felis. Ut at dolor quis odio consequat varius.",97 Talmadge Hill,,El Paso,99620,Texas,United States
Support the Veterans Choir,10,USD,$10.00,"September 8, 2019 11:21 AM",Kip,Frost,,kfrost3c@sakura.ne.jp,TRUE,Completed,Paypal,Sed ante. Vivamus tortor. Duis mattis egestas metus.,37637 Straubel Trail,,Macon,99621,Georgia,United States
Save the Rainforest,100,EUR,Conserve an Acre,"September 9, 2019 11:21 AM",Jacquetta,Nanninini,,jnanninini3d@lulu.com,TRUE,Completed,Offline,"Vestibulum ac est lacinia nisi venenatis tristique. Fusce congue, diam id ornare imperdiet, sapien urna pretium nisl, ut volutpat sapien arcu sed augue. Aliquam erat volutpat.",12 Evergreen Point,,New York City,99622,New York,United States
Save the Rainforest,25,EUR,Plant a Tree,"September 10, 2019 11:21 AM",Robbert,Vreede,,rvreede3e@prweb.com,TRUE,Completed,Offline,Etiam vel augue. Vestibulum rutrum rutrum neque. Aenean auctor gravida sem.,6 Raven Road,,Pittsburgh,99623,Pennsylvania,United States
Homeless Outreach Fund,10,USD,Level 2 Funder,"September 11, 2019 11:21 AM",Sacha,Standingford,,sstandingford3f@hud.gov,TRUE,Completed,Paypal,Pellentesque at nulla. Suspendisse potenti. Cras in purus eu magna vulputate luctus.,82 Melby Hill,,Spokane,99624,Washington,United States
Save the Rainforest,500,EUR,Plant and Conserve and Acre of Trees,"September 12, 2019 11:21 AM",Johnnie,Bendtsen,,jbendtsen3g@nymag.com,FALSE,Completed,Offline,"Quisque porta volutpat erat. Quisque erat eros, viverra eget, congue eget, semper rutrum, nulla. Nunc purus.",0042 Carpenter Hill,,Lawrenceville,99625,Georgia,United States
Save the Rainforest,25,EUR,Plant a Tree,"September 13, 2019 11:21 AM",Alfy,Daldry,GiveWP,adaldry3h@nifty.com,TRUE,Completed,Paypal,"Praesent blandit. Nam nulla. Integer pede justo, lacinia eget, tincidunt eget, tempus vel, pede.",053 West Hill,,Bronx,99626,New York,United States
Support Cancer Research,50,USD,$50.00,"September 14, 2019 11:21 AM",Joeann,Wildber,,jwildber3i@ted.com,FALSE,Completed,Stripe,"Duis bibendum, felis sed interdum venenatis, turpis enim blandit mi, in porttitor pede justo eu massa. Donec dapibus. Duis at velit eu est congue elementum.",97380 Ridgeway Circle,,Maple Plain,99627,Minnesota,United States
Support the Veterans Choir,100,USD,$100.00,"September 15, 2019 11:21 AM",Verney,Spirritt,,vspirritt3j@woothemes.com,FALSE,Completed,Offline,Integer tincidunt ante vel ipsum. Praesent blandit lacinia erat. Vestibulum sed magna at nunc commodo placerat.,6432 Packers Lane,,Seattle,99628,Washington,United States
Homeless Outreach Fund,10,USD,Level 2 Funder,"September 16, 2019 11:21 AM",Bettine,Probey,,bprobey3k@un.org,FALSE,Completed,Stripe,"Curabitur in libero ut massa volutpat convallis. Morbi odio odio, elementum eu, interdum eu, tincidunt in, leo. Maecenas pulvinar lobortis est.",8056 Springs Way,,Scottsdale,99629,Arizona,United States
Support the Veterans Choir,25,USD,$25.00,"September 17, 2019 11:21 AM",Kandace,Cryer,,kcryer3l@microsoft.com,TRUE,Completed,Stripe,"Praesent blandit. Nam nulla. Integer pede justo, lacinia eget, tincidunt eget, tempus vel, pede.",07 Vidon Avenue,,Cincinnati,99630,Ohio,United States
Support Cancer Research,89,USD,custom,"September 18, 2019 11:21 AM",Bobby,Bonavia,,bbonavia3m@nps.gov,FALSE,Completed,Stripe,Suspendisse potenti. In eleifend quam a odio. In hac habitasse platea dictumst.,88239 Mcbride Parkway,,Sacramento,99631,California,United States
Homeless Outreach Fund,50,USD,Level 4 Funder,"September 19, 2019 11:21 AM",Gideon,Aickin,,gaickin3n@nytimes.com,TRUE,Completed,Stripe,"Maecenas tristique, est et tempus semper, est quam pharetra magna, ac consequat metus sapien ut nunc. Vestibulum ante ipsum primis in faucibus orci luctus et ultrices posuere cubilia Curae; Mauris viverra diam vitae quam. Suspendisse potenti.",09162 Blue Bill Park Hill,,Columbus,99632,Ohio,United States
Homeless Outreach Fund,10,USD,Level 2 Funder,"September 20, 2019 10:11 AM",Rudolfo,Georgeon,,rgeorgeon2j@dyndns.org,FALSE,Completed,Stripe,In congue. Etiam justo. Etiam pretium iaculis justo.,725 Karstens Circle,,Chesapeake,99592,Virginia,United States
Support Cancer Research,163,USD,custom,"September 20, 2019 11:21 AM",Charmaine,Hawkin,,chawkin3o@hexun.com,FALSE,Completed,Paypal,"Quisque porta volutpat erat. Quisque erat eros, viverra eget, congue eget, semper rutrum, nulla. Nunc purus.",88 Pleasure Lane,,Pittsburgh,99633,Pennsylvania,United States
Help Feed America,50,EUR,Feed Multiple Families,"September 21, 2019 11:21 AM",Cathryn,Lorrain,Microsoft,clorrain3p@vk.com,TRUE,Completed,Offline,Duis bibendum. Morbi non quam nec dui luctus rutrum. Nulla tellus.,75 Memorial Pass,,Carson City,99634,Nevada,United States
Support Cancer Research,50,USD,$50.00,"September 22, 2019 11:21 AM",Wynn,Capel,,wcapel3q@ezinearticles.com,TRUE,Completed,Paypal,"Donec diam neque, vestibulum eget, vulputate ut, ultrices vel, augue. Vestibulum ante ipsum primis in faucibus orci luctus et ultrices posuere cubilia Curae; Donec pharetra, magna vestibulum aliquet ultrices, erat tortor sollicitudin mi, sit amet lobortis sapien sapien non mi. Integer ac neque.",23287 Graedel Lane,,San Rafael,99635,California,United States
Support the Veterans Choir,25,USD,$25.00,"September 23, 2019 11:21 AM",Cariotta,Norwell,,cnorwell3r@bloglovin.com,TRUE,Completed,Paypal,"Aenean fermentum. Donec ut mauris eget massa tempor convallis. Nulla neque libero, convallis eget, eleifend luctus, ultricies eu, nibh.",429 Arkansas Circle,,Mesa,99636,Arizona,United States
Support Cancer Research,250,USD,$250.00,"September 24, 2019 11:21 AM",Rustin,Eustace,,reustace3s@google.com.br,FALSE,Completed,Offline,"Praesent blandit. Nam nulla. Integer pede justo, lacinia eget, tincidunt eget, tempus vel, pede.",0278 Farragut Street,,Fullerton,99637,California,United States
Help Feed America,50,EUR,Feed Multiple Families,"September 25, 2019 11:21 AM",Gian,Burnsall,,gburnsall3t@github.io,FALSE,Completed,Paypal,"Cras mi pede, malesuada in, imperdiet et, commodo vulputate, justo. In blandit ultrices enim. Lorem ipsum dolor sit amet, consectetuer adipiscing elit.",3 Michigan Way,,Washington,99638,District of Columbia,United States
Support Cancer Research,176,USD,custom,"September 26, 2019 11:21 AM",Gilberte,Ollie,,gollie3u@virginia.edu,FALSE,Completed,Paypal,"Praesent blandit. Nam nulla. Integer pede justo, lacinia eget, tincidunt eget, tempus vel, pede.",3368 Golf View Circle,,Silver Spring,99639,Maryland,United States
Help Feed America,25,EUR,Feed a Family,"September 27, 2019 11:21 AM",Lonna,MacKintosh,,lmackintosh3v@hexun.com,FALSE,Completed,Offline,"Curabitur at ipsum ac tellus semper interdum. Mauris ullamcorper purus sit amet nulla. Quisque arcu libero, rutrum ac, lobortis vel, dapibus at, diam.",47512 Park Meadow Crossing,,Washington,99640,District of Columbia,United States
Homeless Outreach Fund,50,USD,Level 4 Funder,"September 28, 2019 11:21 AM",Leese,Prattin,,lprattin3w@furl.net,TRUE,Completed,Paypal,Nulla ut erat id mauris vulputate elementum. Nullam varius. Nulla facilisi.,17432 Westport Lane,,Buffalo,99641,New York,United States
Homeless Outreach Fund,50,USD,Level 4 Funder,"September 29, 2019 11:21 AM",Constantin,Paten,,cpaten3x@elpais.com,FALSE,Completed,Paypal,"Praesent blandit. Nam nulla. Integer pede justo, lacinia eget, tincidunt eget, tempus vel, pede.",06195 Declaration Court,,Springfield,99642,Illinois,United States
Save the Rainforest,500,EUR,Plant and Conserve and Acre of Trees,"September 30, 2019 11:21 AM",Letti,Siggers,,lsiggers3y@networksolutions.com,FALSE,Completed,Offline,,665 Farwell Drive,,Lansing,99643,Michigan,United States
Support the Veterans Choir,10,USD,$10.00,"October 1, 2019 11:21 AM",Eleonora,Mottley,,emottley3z@reverbnation.com,FALSE,Completed,Offline,Praesent id massa id nisl venenatis lacinia. Aenean sit amet justo. Morbi ut odio.,95 Dottie Street,,Waltham,99644,Massachusetts,United States
Support Cancer Research,25,USD,$25.00,"October 2, 2019 11:21 AM",Aurelie,Greenin,GiveWP,agreenin40@amazon.co.jp,FALSE,Completed,Paypal,Cras non velit nec nisi vulputate nonummy. Maecenas tincidunt lacus at velit. Vivamus vel nulla eget eros elementum pellentesque.,2292 Ohio Trail,,Washington,99645,District of Columbia,United States
Support Cancer Research,50,USD,$50.00,"October 3, 2019 11:21 AM",Dewie,Servante,,dservante41@tmall.com,FALSE,Completed,Offline,"Maecenas tristique, est et tempus semper, est quam pharetra magna, ac consequat metus sapien ut nunc. Vestibulum ante ipsum primis in faucibus orci luctus et ultrices posuere cubilia Curae; Mauris viverra diam vitae quam. Suspendisse potenti.",8 Old Shore Way,,Birmingham,99646,Alabama,United States
Homeless Outreach Fund,10,USD,Level 2 Funder,"October 4, 2019 11:21 AM",Adams,Fittall,Intuit,afittall42@craigslist.org,TRUE,Completed,Paypal,In congue. Etiam justo. Etiam pretium iaculis justo.,34034 Carioca Way,,Tampa,99647,Florida,United States
Save the Rainforest,50,EUR,Plant a Grove,"October 5, 2019 11:21 AM",Nina,Lowrey,,nlowrey43@elpais.com,TRUE,Completed,Stripe,Fusce consequat. Nulla nisl. Nunc nisl.,3 Morrow Terrace,,Lexington,99648,Kentucky,United States
Support the Veterans Choir,100,USD,$100.00,"October 6, 2019 11:21 AM",Nicholas,Dabnor,,ndabnor44@soundcloud.com,TRUE,Completed,Stripe,Fusce consequat. Nulla nisl. Nunc nisl.,364 Esch Road,,Charlotte,99649,North Carolina,United States
Homeless Outreach Fund,5,USD,Level 1 Funder,"October 7, 2019 11:21 AM",Alasteir,Busse,,abusse45@gnu.org,FALSE,Completed,Offline,In hac habitasse platea dictumst. Etiam faucibus cursus urna. Ut tellus.,640 Macpherson Park,,White Plains,99650,New York,United States
Help Feed America,100,EUR,Feed a Family for a Week,"October 8, 2019 11:21 AM",Gunilla,Doddemeede,,gdoddemeede46@smugmug.com,FALSE,Completed,Offline,"Donec diam neque, vestibulum eget, vulputate ut, ultrices vel, augue. Vestibulum ante ipsum primis in faucibus orci luctus et ultrices posuere cubilia Curae; Donec pharetra, magna vestibulum aliquet ultrices, erat tortor sollicitudin mi, sit amet lobortis sapien sapien non mi. Integer ac neque.",557 Fulton Court,,Bridgeport,99651,Connecticut,United States
Support the Veterans Choir,10,USD,$10.00,"October 9, 2019 11:21 AM",Ardelle,Boyn,Intuit,aboyn47@domainmarket.com,FALSE,Cancelled,Stripe,Duis bibendum. Morbi non quam nec dui luctus rutrum. Nulla tellus.,7937 Scoville Court,,Atlanta,99652,Georgia,United States
Homeless Outreach Fund,100,USD,Level 5 Funder,"October 10, 2019 11:21 AM",Trish,Daveridge,,tdaveridge48@moonfruit.com,TRUE,Completed,Stripe,Duis aliquam convallis nunc. Proin at turpis a pede posuere nonummy. Integer non velit.,7 Eastwood Trail,,Las Vegas,99653,Nevada,United States
Homeless Outreach Fund,10,USD,Level 2 Funder,"October 11, 2019 11:21 AM",Niall,Hathwood,,nhathwood49@msu.edu,TRUE,Pending,Offline,Nullam sit amet turpis elementum ligula vehicula consequat. Morbi a ipsum. Integer a nibh.,1 Derek Crossing,,Chicago,99654,Illinois,United States
Support Cancer Research,50,USD,$50.00,"October 12, 2019 11:21 AM",Ambur,Troak,,atroak4a@bloglovin.com,TRUE,Completed,Offline,,704 Texas Place,,Des Moines,99655,Iowa,United States
Support the Veterans Choir,100,USD,$100.00,"October 13, 2019 11:21 AM",Arturo,Martins,,amartins4b@pen.io,FALSE,Completed,Offline,In hac habitasse platea dictumst. Etiam faucibus cursus urna. Ut tellus.,8173 Morningstar Trail,,Detroit,99656,Michigan,United States
Support Cancer Research,250,USD,$250.00,"October 14, 2019 11:21 AM",Brnaby,Starten,Amazon,bstarten4c@altervista.org,FALSE,Completed,Offline,,26 Holmberg Point,,Fort Worth,99657,Texas,United States
Support the Veterans Choir,100,USD,$100.00,"October 15, 2019 11:21 AM",Cornela,Hamerton,,chamerton4d@weebly.com,FALSE,Completed,Stripe,In congue. Etiam justo. Etiam pretium iaculis justo.,49 American Terrace,,Springfield,99658,Illinois,United States
Support the Veterans Choir,50,USD,$50.00,"October 16, 2019 11:21 AM",Dorisa,Farry,,dfarry4e@japanpost.jp,TRUE,Completed,Paypal,"Curabitur gravida nisi at nibh. In hac habitasse platea dictumst. Aliquam augue quam, sollicitudin vitae, consectetuer eget, rutrum at, lorem.",9 Schurz Crossing,,Miami,99659,Florida,United States
Support Cancer Research,50,USD,$50.00,"October 17, 2019 11:21 AM",Che,Burnhill,,cburnhill4f@1688.com,TRUE,Completed,Paypal,Duis bibendum. Morbi non quam nec dui luctus rutrum. Nulla tellus.,32898 Homewood Pass,,Loretto,99660,Minnesota,United States
Support the Veterans Choir,50,USD,$50.00,"October 18, 2019 11:21 AM",Dottie,Ferrillo,,dferrillo4g@google.pl,FALSE,Completed,Paypal,,6 Glendale Lane,,Savannah,99661,Georgia,United States
Homeless Outreach Fund,5,USD,Level 1 Funder,"October 19, 2019 11:21 AM",Dewain,Ewbach,GiveWP,dewbach4h@ucoz.ru,FALSE,Completed,Offline,"Quisque id justo sit amet sapien dignissim vestibulum. Vestibulum ante ipsum primis in faucibus orci luctus et ultrices posuere cubilia Curae; Nulla dapibus dolor vel est. Donec odio justo, sollicitudin ut, suscipit a, feugiat et, eros.",33 Declaration Pass,,Charlottesville,99662,Virginia,United States
Help Feed America,25,EUR,Feed a Family,"October 20, 2019 11:21 AM",Tirrell,Pailin,,tpailin4i@comsenz.com,FALSE,Completed,Stripe,"Mauris enim leo, rhoncus sed, vestibulum sit amet, cursus id, turpis. Integer aliquet, massa id lobortis convallis, tortor risus dapibus augue, vel accumsan tellus nisi eu orci. Mauris lacinia sapien quis libero.",8 Mitchell Street,,Philadelphia,99663,Pennsylvania,United States
Homeless Outreach Fund,5,USD,Level 1 Funder,"October 21, 2019 11:21 AM",Kamilah,Clinch,,kclinch4j@infoseek.co.jp,TRUE,Completed,Paypal,"Praesent blandit. Nam nulla. Integer pede justo, lacinia eget, tincidunt eget, tempus vel, pede.",9 Southridge Plaza,,Canton,99664,Ohio,United States
Help Feed America,100,EUR,Feed a Family for a Week,"October 22, 2019 11:21 AM",Juliann,Roome,,jroome4k@storify.com,FALSE,Completed,Paypal,Suspendisse potenti. In eleifend quam a odio. In hac habitasse platea dictumst.,27 Mosinee Junction,,Philadelphia,99665,Pennsylvania,United States
Support Cancer Research,202,USD,custom,"October 23, 2019 11:21 AM",Carolus,Whittington,,cwhittington4l@spotify.com,FALSE,Completed,Stripe,"Curabitur at ipsum ac tellus semper interdum. Mauris ullamcorper purus sit amet nulla. Quisque arcu libero, rutrum ac, lobortis vel, dapibus at, diam.",60 Schlimgen Place,,Washington,99666,District of Columbia,United States
Help Feed America,100,EUR,Feed a Family for a Week,"October 24, 2019 11:21 AM",Virgina,Tonnesen,,vtonnesen4m@theglobeandmail.com,FALSE,Completed,Stripe,"Lorem ipsum dolor sit amet, consectetuer adipiscing elit. Proin risus. Praesent lectus.",97832 Fairview Trail,,Tacoma,99667,Washington,United States
Support Cancer Research,250,USD,$250.00,"October 25, 2019 11:21 AM",Felix,Cuddihy,Amazon,fcuddihy4n@prlog.org,TRUE,Completed,Stripe,,2 Redwing Hill,,West Palm Beach,99668,Florida,United States
Save the Rainforest,100,EUR,Conserve an Acre,"October 26, 2019 11:21 AM",Bert,Gateley,,bgateley4o@cdc.gov,FALSE,Completed,Stripe,,38202 Carioca Place,,Sacramento,99669,California,United States
Homeless Outreach Fund,10,USD,Level 2 Funder,"October 27, 2019 11:21 AM",Anatola,Benasik,,abenasik4p@google.com,TRUE,Completed,Paypal,,1 Alpine Lane,,South Bend,99670,Indiana,United States
Help Feed America,100,EUR,Feed a Family for a Week,"October 28, 2019 11:21 AM",Chadwick,Tolhurst,,ctolhurst4q@rakuten.co.jp,TRUE,Completed,Stripe,"Praesent blandit. Nam nulla. Integer pede justo, lacinia eget, tincidunt eget, tempus vel, pede.",66 Aberg Plaza,,Pueblo,99671,Colorado,United States
Save the Rainforest,100,EUR,Conserve an Acre,"October 29, 2019 11:21 AM",Idell,Bedburrow,,ibedburrow4r@salon.com,FALSE,Completed,Paypal,"Mauris enim leo, rhoncus sed, vestibulum sit amet, cursus id, turpis. Integer aliquet, massa id lobortis convallis, tortor risus dapibus augue, vel accumsan tellus nisi eu orci. Mauris lacinia sapien quis libero.",99859 Crownhardt Court,,Irvine,99672,California,United States
Help Feed America,100,EUR,Feed a Family for a Week,"October 30, 2019 11:21 AM",Lucienne,Cross,GiveWP,lcross4s@scientificamerican.com,FALSE,Completed,Offline,Etiam vel augue. Vestibulum rutrum rutrum neque. Aenean auctor gravida sem.,5 Dayton Point,,South Bend,99673,Indiana,United States
Support Cancer Research,25,USD,$25.00,"October 31, 2019 11:21 AM",Arch,Ferryn,,aferryn4t@indiatimes.com,TRUE,Completed,Paypal,"Cras mi pede, malesuada in, imperdiet et, commodo vulputate, justo. In blandit ultrices enim. Lorem ipsum dolor sit amet, consectetuer adipiscing elit.",8 Annamark Court,,Colorado Springs,99674,Colorado,United States
Support Cancer Research,25,USD,$25.00,"November 1, 2019 11:21 AM",Uriel,Blanchflower,,ublanchflower4u@skyrock.com,TRUE,Completed,Paypal,"Proin eu mi. Nulla ac enim. In tempor, turpis nec euismod scelerisque, quam turpis adipiscing lorem, vitae mattis nibh ligula nec sem.",5 Westport Center,,Washington,99675,District of Columbia,United States
Save the Rainforest,500,EUR,Plant and Conserve and Acre of Trees,"November 2, 2019 11:21 AM",April,Simka,,asimka4v@ftc.gov,TRUE,Completed,Offline,"Mauris enim leo, rhoncus sed, vestibulum sit amet, cursus id, turpis. Integer aliquet, massa id lobortis convallis, tortor risus dapibus augue, vel accumsan tellus nisi eu orci. Mauris lacinia sapien quis libero.",6436 Chinook Lane,,Fairfax,99676,Virginia,United States
Homeless Outreach Fund,25,USD,Level 3 Funder,"November 3, 2019 11:21 AM",Vonny,Weiser,Amazon,vweiser4w@fema.gov,TRUE,Pending,Stripe,Praesent id massa id nisl venenatis lacinia. Aenean sit amet justo. Morbi ut odio.,8 Eagan Terrace,,Montpelier,99677,Vermont,United States
Help Feed America,5,EUR,custom,"November 4, 2019 11:21 AM",Johnathon,Rosendahl,,jrosendahl4x@list-manage.com,FALSE,Completed,Offline,Sed ante. Vivamus tortor. Duis mattis egestas metus.,2 Arapahoe Trail,,Albuquerque,99678,New Mexico,United States
Save the Rainforest,500,EUR,Plant and Conserve and Acre of Trees,"November 5, 2019 11:21 AM",Gustav,Gethins,,ggethins4y@ask.com,FALSE,Completed,Paypal,,57779 Anzinger Terrace,,Tampa,99679,Florida,United States
Support Cancer Research,50,USD,$50.00,"November 6, 2019 11:21 AM",Laurene,Drane,,ldrane4z@cisco.com,TRUE,Completed,Offline,,4272 Burning Wood Court,,Birmingham,99680,Alabama,United States
Support the Veterans Choir,25,USD,$25.00,"November 7, 2019 11:21 AM",Leicester,Milington,Amazon,lmilington50@squarespace.com,TRUE,Completed,Stripe,Aenean lectus. Pellentesque eget nunc. Donec quis orci eget orci vehicula condimentum.,6249 Clemons Pass,,Houston,99681,Texas,United States
Help Feed America,100,EUR,Feed a Family for a Week,"November 8, 2019 11:21 AM",Orran,Whyman,,owhyman51@hexun.com,FALSE,Completed,Stripe,"Mauris enim leo, rhoncus sed, vestibulum sit amet, cursus id, turpis. Integer aliquet, massa id lobortis convallis, tortor risus dapibus augue, vel accumsan tellus nisi eu orci. Mauris lacinia sapien quis libero.",8629 Wayridge Center,,Phoenix,99682,Arizona,United States
Help Feed America,100,EUR,Feed a Family for a Week,"November 9, 2019 11:21 AM",Aubrie,Flynn,,aflynn52@ovh.net,TRUE,Completed,Paypal,Integer ac leo. Pellentesque ultrices mattis odio. Donec vitae nisi.,5624 Grayhawk Street,,Tulsa,99683,Oklahoma,United States
Support Cancer Research,186,USD,custom,"November 10, 2019 11:21 AM",Carlynne,Lathleiff,,clathleiff53@networkadvertising.org,FALSE,Completed,Offline,Aliquam quis turpis eget elit sodales scelerisque. Mauris sit amet eros. Suspendisse accumsan tortor quis turpis.,41 Hoepker Road,,Greensboro,99684,North Carolina,United States
Help Feed America,15,EUR,custom,"November 11, 2019 11:21 AM",Jordana,Jacobovitz,,jjacobovitz54@bravesites.com,FALSE,Completed,Offline,Etiam vel augue. Vestibulum rutrum rutrum neque. Aenean auctor gravida sem.,448 Upham Point,,Kansas City,99685,Missouri,United States
Save the Rainforest,100,EUR,Conserve an Acre,"November 12, 2019 11:21 AM",Mal,Lyster,,mlyster55@nifty.com,FALSE,Completed,Stripe,"In hac habitasse platea dictumst. Morbi vestibulum, velit id pretium iaculis, diam erat fermentum justo, nec condimentum neque sapien placerat ante. Nulla justo.",6 Hudson Center,,Toledo,99686,Ohio,United States
Support the Veterans Choir,144,USD,custom,"November 13, 2019 11:21 AM",Shurlock,Jakeman,,sjakeman56@ocn.ne.jp,FALSE,Completed,Stripe,"Sed sagittis. Nam congue, risus semper porta volutpat, quam pede lobortis ligula, sit amet eleifend pede libero quis orci. Nullam molestie nibh in lectus.",42 Graceland Court,,Cambridge,99687,Massachusetts,United States
Support Cancer Research,25,USD,$25.00,"November 14, 2019 11:21 AM",Dehlia,Jakubczyk,,djakubczyk57@flickr.com,FALSE,Completed,Stripe,"Proin leo odio, porttitor id, consequat in, consequat ut, nulla. Sed accumsan felis. Ut at dolor quis odio consequat varius.",739 Elka Crossing,,Ann Arbor,99688,Michigan,United States
Save the Rainforest,50,EUR,Plant a Grove,"November 15, 2019 11:21 AM",Vince,Gleeton,,vgleeton58@cam.ac.uk,FALSE,Completed,Offline,,6 Eliot Crossing,,Shawnee Mission,99689,Kansas,United States
Support the Veterans Choir,10,USD,$10.00,"November 16, 2019 11:21 AM",Mart,Jirick,Amazon,mjirick59@msn.com,TRUE,Cancelled,Offline,"Morbi porttitor lorem id ligula. Suspendisse ornare consequat lectus. In est risus, auctor sed, tristique in, tempus sit amet, sem.",23 Mcbride Alley,,Honolulu,99690,Hawaii,United States
Save the Rainforest,239,EUR,custom,"November 17, 2019 11:21 AM",Arlinda,Monte,,amonte5a@statcounter.com,TRUE,Completed,Paypal,"Morbi non lectus. Aliquam sit amet diam in magna bibendum imperdiet. Nullam orci pede, venenatis non, sodales sed, tincidunt eu, felis.",9 Blackbird Crossing,,Metairie,99691,Louisiana,United States
Save the Rainforest,29,EUR,custom,"November 18, 2019 11:21 AM",Clarence,Gerkens,,cgerkens5b@mail.ru,TRUE,Completed,Offline,,7 Pearson Plaza,,Wilmington,99692,Delaware,United States
Help Feed America,30,EUR,custom,"November 19, 2019 11:21 AM",Mia,Rowbotham,GiveWP,mrowbotham5c@barnesandnoble.com,TRUE,Completed,Paypal,Phasellus in felis. Donec semper sapien a libero. Nam dui.,073 Mitchell Circle,,Anaheim,99693,California,United States
Support Cancer Research,226,USD,custom,"November 20, 2019 11:21 AM",Carry,Easterling,,ceasterling5d@smugmug.com,FALSE,Completed,Paypal,Fusce consequat. Nulla nisl. Nunc nisl.,95 Knutson Alley,,Champaign,99694,Illinois,United States
Support Cancer Research,25,USD,$25.00,"November 21, 2019 11:21 AM",Celestyn,Killingworth,,ckillingworth5e@123-reg.co.uk,TRUE,Completed,Paypal,"In sagittis dui vel nisl. Duis ac nibh. Fusce lacus purus, aliquet at, feugiat non, pretium quis, lectus.",24 Green Ridge Park,,Charleston,99695,South Carolina,United States
Save the Rainforest,50,EUR,Plant a Grove,"November 22, 2019 11:21 AM",Derward,Pearne,,dpearne5f@istockphoto.com,FALSE,Completed,Paypal,"Mauris enim leo, rhoncus sed, vestibulum sit amet, cursus id, turpis. Integer aliquet, massa id lobortis convallis, tortor risus dapibus augue, vel accumsan tellus nisi eu orci. Mauris lacinia sapien quis libero.",444 Transport Court,,Kansas City,99696,Missouri,United States
Support Cancer Research,94,USD,custom,"November 23, 2019 11:21 AM",Phillida,Stell,,pstell5g@odnoklassniki.ru,FALSE,Completed,Paypal,"Mauris enim leo, rhoncus sed, vestibulum sit amet, cursus id, turpis. Integer aliquet, massa id lobortis convallis, tortor risus dapibus augue, vel accumsan tellus nisi eu orci. Mauris lacinia sapien quis libero.",169 West Pass,,Monticello,99697,Minnesota,United States
Support the Veterans Choir,10,USD,$10.00,"November 24, 2019 11:21 AM",Darrel,Morcom,,dmorcom5h@xrea.com,TRUE,Completed,Paypal,"Aenean fermentum. Donec ut mauris eget massa tempor convallis. Nulla neque libero, convallis eget, eleifend luctus, ultricies eu, nibh.",26827 Eastwood Lane,,Cincinnati,99698,Ohio,United States
Support Cancer Research,25,USD,$25.00,"November 25, 2019 11:21 AM",Tasha,Espie,Intuit,tespie5i@surveymonkey.com,TRUE,Completed,Offline,"Mauris enim leo, rhoncus sed, vestibulum sit amet, cursus id, turpis. Integer aliquet, massa id lobortis convallis, tortor risus dapibus augue, vel accumsan tellus nisi eu orci. Mauris lacinia sapien quis libero.",5733 Onsgard Terrace,,Columbia,99699,South Carolina,United States
Support Cancer Research,25,USD,custom,"November 26, 2019 11:21 AM",Arlie,Onthank,,aonthank5j@cbc.ca,TRUE,Completed,Offline,Suspendisse potenti. In eleifend quam a odio. In hac habitasse platea dictumst.,95 Mcbride Drive,,Amarillo,99700,Texas,United States
Support Cancer Research,25,USD,$25.00,"November 27, 2019 11:21 AM",Alfi,Kenworthey,,akenworthey5k@spiegel.de,FALSE,Cancelled,Paypal,"Curabitur gravida nisi at nibh. In hac habitasse platea dictumst. Aliquam augue quam, sollicitudin vitae, consectetuer eget, rutrum at, lorem.",3691 Vermont Plaza,,Fairfield,99701,Connecticut,United States
Support Cancer Research,243,USD,custom,"November 28, 2019 11:21 AM",Bidget,Ardron,Amazon,bardron5l@mapquest.com,TRUE,Completed,Stripe,,46 Kings Drive,,Allentown,99702,Pennsylvania,United States
Support the Veterans Choir,25,USD,$25.00,"November 29, 2019 11:21 AM",Rafaellle,Getsham,,rgetsham5m@tuttocitta.it,TRUE,Completed,Stripe,Etiam vel augue. Vestibulum rutrum rutrum neque. Aenean auctor gravida sem.,99 Monterey Center,,Hialeah,99703,Florida,United States
Help Feed America,55,EUR,custom,"November 30, 2019 11:21 AM",Valdemar,Crate,,vcrate5n@bigcartel.com,TRUE,Completed,Offline,"Curabitur in libero ut massa volutpat convallis. Morbi odio odio, elementum eu, interdum eu, tincidunt in, leo. Maecenas pulvinar lobortis est.",7199 Hooker Terrace,,Fresno,99704,California,United States
Support the Veterans Choir,10,USD,$10.00,"December 1, 2019 11:21 AM",Geri,Cowl,,gcowl5o@newsvine.com,FALSE,Completed,Offline,"Nam ultrices, libero non mattis pulvinar, nulla pede ullamcorper augue, a suscipit nulla elit ac nulla. Sed vel enim sit amet nunc viverra dapibus. Nulla suscipit ligula in lacus.",79 Old Shore Lane,,Roanoke,99705,Virginia,United States
Support Cancer Research,209,USD,custom,"December 2, 2019 11:21 AM",Starlin,Larman,,slarman5p@a8.net,FALSE,Completed,Offline,Praesent id massa id nisl venenatis lacinia. Aenean sit amet justo. Morbi ut odio.,490 Lillian Park,,Trenton,99706,New Jersey,United States
Help Feed America,50,EUR,Feed Multiple Families,"December 3, 2019 11:21 AM",Damien,Cookley,,dcookley5q@unc.edu,TRUE,Completed,Paypal,,69 High Crossing Avenue,,Fort Worth,99707,Texas,United States
Support the Veterans Choir,47,USD,custom,"December 4, 2019 11:21 AM",Bidget,Joffe,GiveWP,bjoffe5r@tmall.com,FALSE,Completed,Offline,Nullam porttitor lacus at turpis. Donec posuere metus vitae ipsum. Aliquam non mauris.,75 Arrowood Center,,Charlotte,99708,North Carolina,United States
Support Cancer Research,37,USD,custom,"December 5, 2019 11:21 AM",Babb,Hearson,,bhearson5s@google.fr,TRUE,Completed,Offline,"Cum sociis natoque penatibus et magnis dis parturient montes, nascetur ridiculus mus. Vivamus vestibulum sagittis sapien. Cum sociis natoque penatibus et magnis dis parturient montes, nascetur ridiculus mus.",638 Del Mar Pass,,Kansas City,99709,Missouri,United States
Help Feed America,25,EUR,Feed a Family,"December 6, 2019 11:21 AM",Kerry,Le Marquis,,klemarquis5t@springer.com,TRUE,Completed,Paypal,Nulla ut erat id mauris vulputate elementum. Nullam varius. Nulla facilisi.,7 Elmside Circle,,Houston,99710,Texas,United States
Save the Rainforest,122,EUR,custom,"December 7, 2019 11:21 AM",Daniele,Ixer,,dixer5u@archive.org,TRUE,Completed,Offline,"Praesent blandit. Nam nulla. Integer pede justo, lacinia eget, tincidunt eget, tempus vel, pede.",860 Elka Circle,,Dallas,99711,Texas,United States
Help Feed America,50,EUR,Feed Multiple Families,"December 8, 2019 11:21 AM",Damiano,Pettegre,,dpettegre5v@eepurl.com,FALSE,Completed,Stripe,"Proin leo odio, porttitor id, consequat in, consequat ut, nulla. Sed accumsan felis. Ut at dolor quis odio consequat varius.",693 Marquette Parkway,,Gainesville,99712,Florida,United States
Homeless Outreach Fund,5,USD,Level 1 Funder,"December 9, 2019 11:21 AM",Zelig,Noweak,,znoweak5w@squarespace.com,FALSE,Completed,Stripe,In hac habitasse platea dictumst. Etiam faucibus cursus urna. Ut tellus.,9 Eggendart Parkway,,Chesapeake,99713,Virginia,United States
Help Feed America,50,EUR,Feed Multiple Families,"December 10, 2019 11:21 AM",Eldridge,Simms,Amazon,esimms5x@europa.eu,TRUE,Completed,Offline,Praesent id massa id nisl venenatis lacinia. Aenean sit amet justo. Morbi ut odio.,632 Schlimgen Alley,,Canton,99714,Ohio,United States
Save the Rainforest,29,EUR,custom,"December 11, 2019 11:21 AM",Parke,Styles,,pstyles5y@statcounter.com,FALSE,Completed,Paypal,"Lorem ipsum dolor sit amet, consectetuer adipiscing elit. Proin risus. Praesent lectus.",14170 North Parkway,,Kansas City,99715,Kansas,United States
Support the Veterans Choir,25,USD,$25.00,"December 12, 2019 11:21 AM",Larry,Clemence,,lclemence5z@army.mil,FALSE,Completed,Offline,"In hac habitasse platea dictumst. Morbi vestibulum, velit id pretium iaculis, diam erat fermentum justo, nec condimentum neque sapien placerat ante. Nulla justo.",39 Sutherland Circle,,Dallas,99716,Texas,United States
Homeless Outreach Fund,5,USD,Level 1 Funder,"December 13, 2019 11:21 AM",Susann,Lamas,,slamas60@indiatimes.com,TRUE,Completed,Stripe,Duis aliquam convallis nunc. Proin at turpis a pede posuere nonummy. Integer non velit.,92515 Blackbird Crossing,,Wilkes Barre,99717,Pennsylvania,United States
Save the Rainforest,100,EUR,Conserve an Acre,"December 14, 2019 11:21 AM",Geoffrey,Hawarden,,ghawarden61@yahoo.co.jp,FALSE,Completed,Paypal,Pellentesque at nulla. Suspendisse potenti. Cras in purus eu magna vulputate luctus.,78291 Mcbride Parkway,,Trenton,99718,New Jersey,United States
Homeless Outreach Fund,25,USD,Level 3 Funder,"December 15, 2019 11:21 AM",D'arcy,Pursey,,dpursey62@trellian.com,FALSE,Pending,Stripe,Phasellus sit amet erat. Nulla tempus. Vivamus in felis eu sapien cursus vestibulum.,6 Monterey Avenue,,North Hollywood,99719,California,United States
Support the Veterans Choir,151,USD,custom,"December 16, 2019 11:21 AM",Nataniel,Viney,,nviney63@latimes.com,TRUE,Completed,Stripe,,6 Express Crossing,,Long Beach,99720,California,United States
Homeless Outreach Fund,10,USD,Level 2 Funder,"December 17, 2019 11:21 AM",Huey,Cecchi,,hcecchi64@barnesandnoble.com,FALSE,Completed,Stripe,,0 Vermont Circle,,Peoria,99721,Illinois,United States
Support the Veterans Choir,10,USD,$10.00,"December 18, 2019 11:21 AM",Christophorus,Wolfarth,GiveWP,cwolfarth65@tumblr.com,FALSE,Completed,Paypal,"Mauris enim leo, rhoncus sed, vestibulum sit amet, cursus id, turpis. Integer aliquet, massa id lobortis convallis, tortor risus dapibus augue, vel accumsan tellus nisi eu orci. Mauris lacinia sapien quis libero.",79 Melvin Pass,,Topeka,99722,Kansas,United States
Homeless Outreach Fund,25,USD,Level 3 Funder,"December 19, 2019 11:21 AM",Wheeler,Estevez,,westevez66@spiegel.de,TRUE,Completed,Stripe,Integer tincidunt ante vel ipsum. Praesent blandit lacinia erat. Vestibulum sed magna at nunc commodo placerat.,92 Sherman Lane,,Sacramento,99723,California,United States
Support the Veterans Choir,188,USD,custom,"December 20, 2019 11:21 AM",Pasquale,Winnister,,pwinnister67@bigcartel.com,TRUE,Completed,Offline,"Curabitur at ipsum ac tellus semper interdum. Mauris ullamcorper purus sit amet nulla. Quisque arcu libero, rutrum ac, lobortis vel, dapibus at, diam.",442 Melrose Road,,Brooklyn,99724,New York,United States
Save the Rainforest,500,EUR,Plant and Conserve and Acre of Trees,"December 21, 2019 11:21 AM",Aubrie,Oldacre,Amazon,aoldacre68@seesaa.net,FALSE,Completed,Offline,,66 Hoepker Terrace,,Sarasota,99725,Florida,United States
Help Feed America,25,EUR,Feed a Family,"December 22, 2019 11:21 AM",Alberik,Winkell,,awinkell69@usa.gov,TRUE,Completed,Stripe,"Donec diam neque, vestibulum eget, vulputate ut, ultrices vel, augue. Vestibulum ante ipsum primis in faucibus orci luctus et ultrices posuere cubilia Curae; Donec pharetra, magna vestibulum aliquet ultrices, erat tortor sollicitudin mi, sit amet lobortis sapien sapien non mi. Integer ac neque.",600 Mccormick Alley,,Omaha,99726,Nebraska,United States
Help Feed America,250,EUR,Feed Multiple Families for a Week,"December 23, 2019 11:21 AM",Donaugh,Pittet,,dpittet6a@ycombinator.com,TRUE,Completed,Offline,Integer ac leo. Pellentesque ultrices mattis odio. Donec vitae nisi.,78183 Riverside Park,,Young America,99727,Minnesota,United States
Support Cancer Research,50,USD,$50.00,"December 24, 2019 11:21 AM",Emmet,Jansen,,ejansen6b@wsj.com,FALSE,Completed,Paypal,"Morbi non lectus. Aliquam sit amet diam in magna bibendum imperdiet. Nullam orci pede, venenatis non, sodales sed, tincidunt eu, felis.",0771 Anthes Trail,,Raleigh,99728,North Carolina,United States
Support Cancer Research,230,USD,custom,"December 25, 2019 11:21 AM",Dania,Trimme,Amazon,dtrimme6c@technorati.com,TRUE,Completed,Stripe,In congue. Etiam justo. Etiam pretium iaculis justo.,43732 Vernon Pass,,Peoria,99729,Arizona,United States
Help Feed America,50,EUR,Feed Multiple Families,"December 26, 2019 11:21 AM",Frazer,Viccary,,fviccary6d@baidu.com,TRUE,Completed,Paypal,Duis consequat dui nec nisi volutpat eleifend. Donec ut dolor. Morbi vel lectus in quam fringilla rhoncus.,0 Everett Road,,Washington,99730,District of Columbia,United States
Save the Rainforest,37,EUR,custom,"December 27, 2019 11:21 AM",Demetre,Sambedge,,dsambedge6e@comcast.net,FALSE,Completed,Stripe,Suspendisse potenti. In eleifend quam a odio. In hac habitasse platea dictumst.,5 Ridgeway Pass,,Miami,99731,Florida,United States
Help Feed America,25,EUR,Feed a Family,"December 28, 2019 11:21 AM",Adi,Scantleberry,,ascantleberry6f@techcrunch.com,TRUE,Completed,Stripe,"Curabitur gravida nisi at nibh. In hac habitasse platea dictumst. Aliquam augue quam, sollicitudin vitae, consectetuer eget, rutrum at, lorem.",46696 Merchant Crossing,,Philadelphia,99732,Pennsylvania,United States
Support Cancer Research,100,USD,$100.00,"December 29, 2019 11:21 AM",Mufinella,Langeren,,mlangeren6g@taobao.com,FALSE,Completed,Offline,"Sed sagittis. Nam congue, risus semper porta volutpat, quam pede lobortis ligula, sit amet eleifend pede libero quis orci. Nullam molestie nibh in lectus.",3746 Macpherson Road,,El Paso,99733,Texas,United States
Support Cancer Research,100,USD,$100.00,"December 30, 2019 11:21 AM",Arlette,Handes,,ahandes6h@google.com.hk,FALSE,Completed,Paypal,Duis bibendum. Morbi non quam nec dui luctus rutrum. Nulla tellus.,221 Clove Pass,,Metairie,99734,Louisiana,United States
Homeless Outreach Fund,100,USD,Level 5 Funder,"December 31, 2019 11:21 AM",Tyson,Biggerstaff,,tbiggerstaff6i@fotki.com,FALSE,Completed,Stripe,Aliquam quis turpis eget elit sodales scelerisque. Mauris sit amet eros. Suspendisse accumsan tortor quis turpis.,36717 Huxley Circle,,Fresno,99735,California,United States
Support Cancer Research,100,USD,$100.00,"January 1, 2020 11:21 AM",Alanna,Josilevich,GiveWP,ajosilevich6j@go.com,TRUE,Completed,Offline,"Curabitur gravida nisi at nibh. In hac habitasse platea dictumst. Aliquam augue quam, sollicitudin vitae, consectetuer eget, rutrum at, lorem.",8126 Aberg Point,,Fort Wayne,99736,Indiana,United States
Help Feed America,250,EUR,Feed Multiple Families for a Week,"January 2, 2020 11:21 AM",Sonny,Minucci,,sminucci6k@opera.com,TRUE,Completed,Paypal,Nullam porttitor lacus at turpis. Donec posuere metus vitae ipsum. Aliquam non mauris.,54442 Cordelia Point,,Houston,99737,Texas,United States
Save the Rainforest,250,EUR,Plant an Acre of Trees,"January 3, 2020 11:21 AM",Larisa,Wickie,,lwickie6l@newsvine.com,FALSE,Completed,Stripe,,0 Monica Road,,West Palm Beach,99738,Florida,United States
Support Cancer Research,62,USD,custom,"January 4, 2020 11:21 AM",Rosanna,Folliss,,rfolliss6m@businessinsider.com,TRUE,Completed,Stripe,"Curabitur at ipsum ac tellus semper interdum. Mauris ullamcorper purus sit amet nulla. Quisque arcu libero, rutrum ac, lobortis vel, dapibus at, diam.",36149 Petterle Parkway,,Myrtle Beach,99739,South Carolina,United States
Help Feed America,25,EUR,Feed a Family,"January 5, 2020 11:21 AM",Ahmad,Yosifov,Amazon,ayosifov6n@youtu.be,TRUE,Cancelled,Stripe,Cras non velit nec nisi vulputate nonummy. Maecenas tincidunt lacus at velit. Vivamus vel nulla eget eros elementum pellentesque.,22447 Westend Parkway,,Manchester,99740,New Hampshire,United States
Homeless Outreach Fund,10,USD,Level 2 Funder,"January 6, 2020 11:21 AM",Melisandra,Dantesia,,mdantesia6o@histats.com,FALSE,Completed,Stripe,Praesent id massa id nisl venenatis lacinia. Aenean sit amet justo. Morbi ut odio.,4764 Shopko Plaza,,Fresno,99741,California,United States
Save the Rainforest,248,EUR,custom,"January 7, 2020 11:21 AM",George,Hedau,,ghedau6p@bloglovin.com,FALSE,Completed,Paypal,,63173 Eggendart Point,,Dayton,99742,Ohio,United States
Support the Veterans Choir,10,USD,$10.00,"January 8, 2020 11:21 AM",Tris,Edmenson,,tedmenson6q@chron.com,FALSE,Completed,Stripe,Nullam porttitor lacus at turpis. Donec posuere metus vitae ipsum. Aliquam non mauris.,8586 Thackeray Way,,Fort Myers,99743,Florida,United States
Support the Veterans Choir,25,USD,$25.00,"January 9, 2020 11:21 AM",Rayshell,Baseggio,,rbaseggio6r@baidu.com,FALSE,Completed,Stripe,Aenean lectus. Pellentesque eget nunc. Donec quis orci eget orci vehicula condimentum.,9 Gerald Parkway,,Sacramento,99744,California,United States
Save the Rainforest,500,EUR,Plant and Conserve and Acre of Trees,"January 10, 2020 11:21 AM",Milt,Hugnin,,mhugnin6s@tumblr.com,FALSE,Completed,Stripe,"Curabitur gravida nisi at nibh. In hac habitasse platea dictumst. Aliquam augue quam, sollicitudin vitae, consectetuer eget, rutrum at, lorem.",181 Washington Street,,Houston,99745,Texas,United States
Homeless Outreach Fund,100,USD,Level 5 Funder,"January 11, 2020 11:21 AM",Nial,Clashe,Intuit,nclashe6t@techcrunch.com,FALSE,Completed,Offline,"In sagittis dui vel nisl. Duis ac nibh. Fusce lacus purus, aliquet at, feugiat non, pretium quis, lectus.",45259 Debra Hill,,Miami,99746,Florida,United States
Support the Veterans Choir,25,USD,$25.00,"January 12, 2020 11:21 AM",Ozzy,Markushkin,,omarkushkin6u@istockphoto.com,TRUE,Completed,Paypal,Aliquam quis turpis eget elit sodales scelerisque. Mauris sit amet eros. Suspendisse accumsan tortor quis turpis.,3 Bartelt Center,,San Antonio,99747,Texas,United States
Help Feed America,250,EUR,Feed Multiple Families for a Week,"January 13, 2020 11:21 AM",Rhett,Taree,GiveWP,rtaree6v@usgs.gov,TRUE,Completed,Paypal,"Donec diam neque, vestibulum eget, vulputate ut, ultrices vel, augue. Vestibulum ante ipsum primis in faucibus orci luctus et ultrices posuere cubilia Curae; Donec pharetra, magna vestibulum aliquet ultrices, erat tortor sollicitudin mi, sit amet lobortis sapien sapien non mi. Integer ac neque.",3 Surrey Center,,Fort Wayne,99748,Indiana,United States
Support the Veterans Choir,10,USD,$10.00,"January 14, 2020 11:21 AM",Moshe,Elfleet,,melfleet6w@prnewswire.com,TRUE,Completed,Paypal,"Aenean fermentum. Donec ut mauris eget massa tempor convallis. Nulla neque libero, convallis eget, eleifend luctus, ultricies eu, nibh.",0818 7th Hill,,Boulder,99749,Colorado,United States
Support the Veterans Choir,25,USD,$25.00,"January 15, 2020 11:21 AM",Patrick,Colerick,,pcolerick6x@github.com,TRUE,Completed,Paypal,,5020 Milwaukee Lane,,El Paso,99750,Texas,United States
Homeless Outreach Fund,155,USD,custom,"January 16, 2020 11:21 AM",Amitie,Clementson,,aclementson6y@gnu.org,FALSE,Completed,Offline,"Curabitur gravida nisi at nibh. In hac habitasse platea dictumst. Aliquam augue quam, sollicitudin vitae, consectetuer eget, rutrum at, lorem.",70900 Donald Trail,,Greenville,99751,South Carolina,United States
Save the Rainforest,500,EUR,Plant and Conserve and Acre of Trees,"January 17, 2020 11:21 AM",Shaylynn,Lubeck,,slubeck6z@unblog.fr,FALSE,Completed,Offline,"Nam ultrices, libero non mattis pulvinar, nulla pede ullamcorper augue, a suscipit nulla elit ac nulla. Sed vel enim sit amet nunc viverra dapibus. Nulla suscipit ligula in lacus.",5758 Logan Place,,Wichita,99752,Kansas,United States
Support Cancer Research,100,USD,$100.00,"January 18, 2020 11:21 AM",Allis,Germann,,agermann70@jalbum.net,TRUE,Completed,Offline,Nullam sit amet turpis elementum ligula vehicula consequat. Morbi a ipsum. Integer a nibh.,800 Atwood Street,,Clearwater,99753,Florida,United States
Support Cancer Research,25,USD,$25.00,"January 19, 2020 11:21 AM",Rae,Duchatel,,rduchatel71@skype.com,FALSE,Cancelled,Paypal,Maecenas ut massa quis augue luctus tincidunt. Nulla mollis molestie lorem. Quisque ut erat.,95832 Oak Valley Way,,Madison,99754,Wisconsin,United States
Homeless Outreach Fund,10,USD,Level 2 Funder,"January 20, 2020 11:21 AM",Analiese,MacCarrane,Amazon,amaccarrane72@netvibes.com,TRUE,Completed,Offline,Pellentesque at nulla. Suspendisse potenti. Cras in purus eu magna vulputate luctus.,2658 Derek Place,,Fort Wayne,99755,Indiana,United States
Support Cancer Research,25,USD,$25.00,"January 21, 2020 11:21 AM",John,Catterall,,jcatterall73@imageshack.us,FALSE,Completed,Paypal,"Nam ultrices, libero non mattis pulvinar, nulla pede ullamcorper augue, a suscipit nulla elit ac nulla. Sed vel enim sit amet nunc viverra dapibus. Nulla suscipit ligula in lacus.",09772 Gina Hill,,New York City,99756,New York,United States
Homeless Outreach Fund,5,USD,Level 1 Funder,"January 22, 2020 11:21 AM",Tessie,O'Rudden,,torudden74@sourceforge.net,FALSE,Completed,Paypal,Phasellus sit amet erat. Nulla tempus. Vivamus in felis eu sapien cursus vestibulum.,31 Ronald Regan Point,,Saint Paul,99757,Minnesota,United States
Support the Veterans Choir,173,USD,custom,"January 23, 2020 11:21 AM",Matthaeus,Downing,,mdowning75@unblog.fr,FALSE,Completed,Stripe,,3 Autumn Leaf Street,,Las Vegas,99758,Nevada,United States
Support the Veterans Choir,50,USD,$50.00,"January 24, 2020 11:21 AM",Eartha,Joffe,,ejoffe76@cbslocal.com,TRUE,Completed,Stripe,,626 Lotheville Place,,Wilmington,99759,Delaware,United States
Support Cancer Research,100,USD,$100.00,"January 25, 2020 11:21 AM",Byrann,Rickis,,brickis77@themeforest.net,FALSE,Completed,Stripe,,6211 Del Mar Park,,Richmond,99760,Virginia,United States
Save the Rainforest,100,USD,Conserve an Acre,"January 25, 2020 11:41 AM",Byrann,Rickis,,brickis77@themeforest.net,FALSE,Completed,Stripe,,6211 Del Mar Park,,Richmond,99760,Virginia,United States
Homeless Outreach Fund,10,USD,Level 2 Funder,"January 25, 2020 11:41 AM",Byrann,Rickis,,brickis77@themeforest.net,FALSE,Completed,Stripe,,6211 Del Mar Park,,Richmond,99760,Virginia,United States
Save the Rainforest,500,EUR,Plant and Conserve and Acre of Trees,"January 26, 2020 11:21 AM",Remus,Elizabeth,,relizabeth78@telegraph.co.uk,FALSE,Completed,Offline,,892 Glendale Place,,El Paso,99761,Texas,United States
Save the Rainforest,500,EUR,Plant and Conserve and Acre of Trees,"January 27, 2020 11:21 AM",Maura,Spatig,,mspatig79@phoca.cz,FALSE,Completed,Paypal,,919 Commercial Center,,Glendale,99762,Arizona,United States
Help Feed America,25,EUR,Feed a Family,"January 28, 2020 11:21 AM",Lanie,Alejandri,,lalejandri7a@geocities.jp,FALSE,Cancelled,Stripe,,07254 Parkside Way,,Washington,99763,District of Columbia,United States
Save the Rainforest,50,EUR,Plant a Grove,"January 29, 2020 11:21 AM",Merrilee,Ginnelly,Amazon,mginnelly7b@xrea.com,FALSE,Completed,Offline,,59575 Rutledge Road,,Milwaukee,99764,Wisconsin,United States
Homeless Outreach Fund,10,USD,Level 2 Funder,"January 30, 2020 11:21 AM",Ernaline,Bannerman,,ebannerman7c@cnn.com,FALSE,Completed,Offline,,729 West Junction,,Tacoma,99765,Washington,United States
Help Feed America,50,EUR,Feed Multiple Families,"January 31, 2020 11:21 AM",Florette,Gretton,,fgretton7d@pinterest.com,TRUE,Completed,Stripe,,4 Little Fleur Court,,Miami,99766,Florida,United States
Help Feed America,65,EUR,custom,"February 1, 2020 11:21 AM",Jacky,Chable,,jchable7e@google.nl,FALSE,Completed,Offline,,8130 Prentice Crossing,,North Las Vegas,99767,Nevada,United States
Help Feed America,250,EUR,Feed Multiple Families for a Week,"February 2, 2020 11:21 AM",Tye,Eldritt,Intuit,teldritt7f@ow.ly,FALSE,Completed,Offline,,04 Stoughton Terrace,,Raleigh,99768,North Carolina,United States
Homeless Outreach Fund,10,USD,Level 2 Funder,"February 3, 2020 11:21 AM",Shurwood,Rotte,,srotte7g@netscape.com,FALSE,Completed,Stripe,,4 Farmco Drive,,Cincinnati,99769,Ohio,United States
Support the Veterans Choir,25,USD,$25.00,"February 4, 2020 11:21 AM",Nero,Dakhno,,ndakhno7h@cam.ac.uk,FALSE,Completed,Stripe,Phasellus in felis. Donec semper sapien a libero. Nam dui.,1000 Michigan Place,,Palmdale,99770,California,United States
Save the Rainforest,78,EUR,custom,"February 5, 2020 11:21 AM",Bret,Jarrell,,bjarrell7i@google.com.br,FALSE,Completed,Paypal,Cras non velit nec nisi vulputate nonummy. Maecenas tincidunt lacus at velit. Vivamus vel nulla eget eros elementum pellentesque.,9 Lindbergh Hill,,Topeka,99771,Kansas,United States
Help Feed America,80,EUR,custom,"February 6, 2020 11:21 AM",Ania,Fishbourn,,afishbourn7j@yahoo.com,TRUE,Completed,Paypal,"Donec diam neque, vestibulum eget, vulputate ut, ultrices vel, augue. Vestibulum ante ipsum primis in faucibus orci luctus et ultrices posuere cubilia Curae; Donec pharetra, magna vestibulum aliquet ultrices, erat tortor sollicitudin mi, sit amet lobortis sapien sapien non mi. Integer ac neque.",591 Di Loreto Center,,Washington,99772,District of Columbia,United States
Save the Rainforest,250,EUR,Plant an Acre of Trees,"February 7, 2020 11:21 AM",Fredrika,Ekell,,fekell7k@arizona.edu,TRUE,Completed,Stripe,Nullam sit amet turpis elementum ligula vehicula consequat. Morbi a ipsum. Integer a nibh.,954 West Point,,Conroe,99773,Texas,United States
Save the Rainforest,500,EUR,Plant and Conserve and Acre of Trees,"February 8, 2020 11:21 AM",Arabelle,Toun,Intuit,atoun7l@icq.com,TRUE,Completed,Stripe,Aenean lectus. Pellentesque eget nunc. Donec quis orci eget orci vehicula condimentum.,5207 Sugar Circle,,Dallas,99774,Texas,United States
Homeless Outreach Fund,5,USD,Level 1 Funder,"February 9, 2020 11:21 AM",Clarisse,Ellif,,cellif7m@nps.gov,FALSE,Completed,Paypal,"Curabitur in libero ut massa volutpat convallis. Morbi odio odio, elementum eu, interdum eu, tincidunt in, leo. Maecenas pulvinar lobortis est.",2475 Oriole Hill,,Washington,99775,District of Columbia,United States
Help Feed America,90,EUR,custom,"February 10, 2020 11:21 AM",Gery,Safell,,gsafell7n@drupal.org,FALSE,Completed,Paypal,Duis aliquam convallis nunc. Proin at turpis a pede posuere nonummy. Integer non velit.,2 Bobwhite Way,,Greensboro,99776,North Carolina,United States
Save the Rainforest,50,EUR,Plant a Grove,"February 11, 2020 11:21 AM",Owen,Jeandet,,ojeandet7o@furl.net,FALSE,Completed,Paypal,"Nam ultrices, libero non mattis pulvinar, nulla pede ullamcorper augue, a suscipit nulla elit ac nulla. Sed vel enim sit amet nunc viverra dapibus. Nulla suscipit ligula in lacus.",22 Montana Street,,Chattanooga,99777,Tennessee,United States
Support Cancer Research,100,USD,$100.00,"February 12, 2020 11:21 AM",Julita,Donaher,,jdonaher7p@ycombinator.com,FALSE,Completed,Stripe,Aliquam quis turpis eget elit sodales scelerisque. Mauris sit amet eros. Suspendisse accumsan tortor quis turpis.,95780 Melody Terrace,,Phoenix,99778,Arizona,United States
Help Feed America,125,EUR,custom,"February 13, 2020 11:21 AM",Cati,Neesham,Amazon,cneesham7q@studiopress.com,FALSE,Completed,Stripe,Sed ante. Vivamus tortor. Duis mattis egestas metus.,35 Stoughton Plaza,,San Diego,99779,California,United States
Homeless Outreach Fund,108,USD,custom,"February 14, 2020 11:21 AM",Gabbie,Channon,,gchannon7r@freewebs.com,TRUE,Completed,Paypal,"Aenean fermentum. Donec ut mauris eget massa tempor convallis. Nulla neque libero, convallis eget, eleifend luctus, ultricies eu, nibh.",2 Hazelcrest Lane,,Port Washington,99780,New York,United States
Support Cancer Research,100,USD,$100.00,"February 15, 2020 11:21 AM",Maddalena,Higgonet,,mhiggonet7s@squidoo.com,FALSE,Completed,Offline,Duis consequat dui nec nisi volutpat eleifend. Donec ut dolor. Morbi vel lectus in quam fringilla rhoncus.,9272 Graedel Plaza,,Columbus,99781,Ohio,United States
Support the Veterans Choir,10,USD,$10.00,"February 16, 2020 11:21 AM",Les,Leddie,,lleddie7t@zdnet.com,TRUE,Completed,Stripe,"Cras mi pede, malesuada in, imperdiet et, commodo vulputate, justo. In blandit ultrices enim. Lorem ipsum dolor sit amet, consectetuer adipiscing elit.",740 Elka Road,,Frederick,99782,Maryland,United States
Support Cancer Research,25,USD,$25.00,"February 17, 2020 11:21 AM",Elna,Mountford,GiveWP,emountford7u@comsenz.com,TRUE,Completed,Offline,"Morbi porttitor lorem id ligula. Suspendisse ornare consequat lectus. In est risus, auctor sed, tristique in, tempus sit amet, sem.",196 7th Terrace,,New Orleans,99783,Louisiana,United States
Support Cancer Research,100,USD,$100.00,"February 18, 2020 11:21 AM",Fabiano,Norwood,,fnorwood7v@acquirethisname.com,FALSE,Completed,Paypal,,4 Thompson Junction,,Hattiesburg,99784,Mississippi,United States
Save the Rainforest,232,EUR,custom,"February 19, 2020 11:21 AM",Yuma,Iveans,,yiveans7w@spotify.com,FALSE,Completed,Offline,"Proin interdum mauris non ligula pellentesque ultrices. Phasellus id sapien in sapien iaculis congue. Vivamus metus arcu, adipiscing molestie, hendrerit at, vulputate vitae, nisl.",3 Steensland Alley,,Fresno,99785,California,United States
Save the Rainforest,92,EUR,custom,"February 20, 2020 11:21 AM",Giraldo,Aberhart,,gaberhart7x@bloglovin.com,FALSE,Completed,Stripe,Integer ac leo. Pellentesque ultrices mattis odio. Donec vitae nisi.,550 Arapahoe Point,,Atlanta,99786,Georgia,United States
Save the Rainforest,250,EUR,Plant an Acre of Trees,"February 21, 2020 11:21 AM",Lonee,Stickens,,lstickens7y@yale.edu,TRUE,Completed,Stripe,Suspendisse potenti. In eleifend quam a odio. In hac habitasse platea dictumst.,9 Heffernan Center,,Waco,99787,Texas,United States
Homeless Outreach Fund,25,USD,Level 3 Funder,"February 22, 2020 11:21 AM",Yorke,Braddon,,ybraddon7z@nps.gov,TRUE,Completed,Stripe,Aenean lectus. Pellentesque eget nunc. Donec quis orci eget orci vehicula condimentum.,91614 Carberry Junction,,Lexington,99788,Kentucky,United States
Homeless Outreach Fund,125,USD,custom,"February 23, 2020 11:21 AM",Alfreda,Prevett,Intuit,aprevett80@homestead.com,TRUE,Completed,Stripe,"Curabitur gravida nisi at nibh. In hac habitasse platea dictumst. Aliquam augue quam, sollicitudin vitae, consectetuer eget, rutrum at, lorem.",09645 Mcguire Avenue,,Evansville,99789,Indiana,United States
Help Feed America,25,EUR,Feed a Family,"February 24, 2020 11:21 AM",Teressa,Corrado,,tcorrado81@lycos.com,FALSE,Cancelled,Paypal,,52399 Fallview Alley,,San Francisco,99790,California,United States
Homeless Outreach Fund,223,USD,custom,"February 25, 2020 11:21 AM",Barrie,Hartop,Amazon,bhartop82@goo.ne.jp,TRUE,Completed,Paypal,In hac habitasse platea dictumst. Etiam faucibus cursus urna. Ut tellus.,1889 Sutherland Hill,,Austin,99791,Texas,United States
Homeless Outreach Fund,5,USD,Level 1 Funder,"February 26, 2020 11:21 AM",Dunn,Layman,,dlayman83@phoca.cz,FALSE,Completed,Offline,"Proin eu mi. Nulla ac enim. In tempor, turpis nec euismod scelerisque, quam turpis adipiscing lorem, vitae mattis nibh ligula nec sem.",1 Raven Pass,,Aurora,99792,Illinois,United States
Save the Rainforest,250,EUR,Plant an Acre of Trees,"February 27, 2020 11:21 AM",Flint,Cruikshanks,,fcruikshanks84@unesco.org,TRUE,Completed,Offline,Integer ac leo. Pellentesque ultrices mattis odio. Donec vitae nisi.,84 Bultman Plaza,,Buffalo,99793,New York,United States
Homeless Outreach Fund,126,USD,custom,"February 27, 2020 12:21 PM",Les,Leddie,,lleddie7t@zdnet.com,TRUE,Completed,Stripe,"Cras mi pede, malesuada in, imperdiet et, commodo vulputate, justo. In blandit ultrices enim. Lorem ipsum dolor sit amet, consectetuer adipiscing elit.",740 Elka Road,,Frederick,99782,Maryland,United States
Homeless Outreach Fund,25,USD,Level 3 Funder,"February 28, 2020 11:21 AM",Loraine,Swettenham,,lswettenham85@opera.com,TRUE,Completed,Paypal,"Mauris enim leo, rhoncus sed, vestibulum sit amet, cursus id, turpis. Integer aliquet, massa id lobortis convallis, tortor risus dapibus augue, vel accumsan tellus nisi eu orci. Mauris lacinia sapien quis libero.",0 Division Road,,Oklahoma City,99794,Oklahoma,United States
Save the Rainforest,250,EUR,Plant an Acre of Trees,"March 1, 2020 11:21 AM",Sheridan,Frowd,,sfrowd86@usgs.gov,FALSE,Completed,Stripe,"In hac habitasse platea dictumst. Morbi vestibulum, velit id pretium iaculis, diam erat fermentum justo, nec condimentum neque sapien placerat ante. Nulla justo.",0009 Prentice Place,,Washington,99795,District of Columbia,United States
Support the Veterans Choir,41,USD,custom,"March 2, 2020 11:21 AM",Philippine,Ferraraccio,GiveWP,pferraraccio87@dailymail.co.uk,TRUE,Completed,Stripe,,72891 Forest Circle,,Charleston,99796,West Virginia,United States
Support Cancer Research,147,USD,custom,"March 3, 2020 11:21 AM",Rosalyn,Huffy,,rhuffy88@furl.net,TRUE,Completed,Stripe,"Nam ultrices, libero non mattis pulvinar, nulla pede ullamcorper augue, a suscipit nulla elit ac nulla. Sed vel enim sit amet nunc viverra dapibus. Nulla suscipit ligula in lacus.",42130 Bay Trail,,Columbus,99797,Ohio,United States
Support Cancer Research,25,USD,$25.00,"March 4, 2020 11:21 AM",Fin,Culmer,,fculmer89@baidu.com,FALSE,Completed,Stripe,"Sed sagittis. Nam congue, risus semper porta volutpat, quam pede lobortis ligula, sit amet eleifend pede libero quis orci. Nullam molestie nibh in lectus.",74298 Messerschmidt Court,,Brooksville,99798,Florida,United States
Save the Rainforest,113,EUR,custom,"March 5, 2020 11:21 AM",Hewitt,Flips,,hflips8a@hc360.com,FALSE,Completed,Offline,Duis consequat dui nec nisi volutpat eleifend. Donec ut dolor. Morbi vel lectus in quam fringilla rhoncus.,1539 Rowland Hill,,Greensboro,99799,North Carolina,United States
Help Feed America,25,EUR,Feed a Family,"March 6, 2020 11:21 AM",Codee,Grimsdith,,cgrimsdith8b@cdc.gov,TRUE,Cancelled,Paypal,,07377 Oneill Way,,Baton Rouge,99800,Louisiana,United States
